<?xml version="1.0" encoding="utf-8"?>
<annotation>
	<folder>VOC2007</folder>
	<filename>000060.jpg</filename>
	<source>
		<database>The VOC2007 Database</database>
		<annotation>PASCAL VOC2007</annotation>
		<image>flickr</image>
		<flickrid>341012865</flickrid>
	</source>
	<owner>
		<flickrid>Fried Camels</flickrid>
		<name>Jinky the Fruit Bat</name>
	</owner>
	<size>
		<width>1854</width>
		<height>1854</height>
		<depth>3</depth>
	</size>
	<segmented>0</segmented>
	<object>
		<name>113</name>
		<pose>Left</pose>
		<truncated>1</truncated>
		<difficult>0</difficult>
		<bndbox>
			<xmin>166.56</xmin>
			<ymin>773.99</ymin>
			<xmax>372.24</xmax>
			<ymax>1059.82</ymax>
		</bndbox>
	</object>
	<object>
		<name>175</name>
		<pose>Left</pose>
		<truncated>1</truncated>
		<difficult>0</difficult>
		<bndbox>
			<xmin>326.87</xmin>
			<ymin>643.92</ymin>
			<xmax>853.17</xmax>
			<ymax>991.76</ymax>
		</bndbox>
	</object>
	<object>
		<name>175</name>
		<pose>Left</pose>
		<truncated>1</truncated>
		<difficult>0</difficult>
		<bndbox>
			<xmin>717.05</xmin>
			<ymin>323.3</ymin>
			<xmax>1264.52</xmax>
			<ymax>810.28</ymax>
		</bndbox>
	</object>
	<object>
		<name>175</name>
		<pose>Left</pose>
		<truncated>1</truncated>
		<difficult>0</difficult>
		<bndbox>
			<xmin>999.86</xmin>
			<ymin>114.6</ymin>
			<xmax>1556.4</xmax>
			<ymax>586.45</ymax>
		</bndbox>
	</object>
	<object>
		<name>66</name>
		<pose>Left</pose>
		<truncated>1</truncated>
		<difficult>0</difficult>
		<bndbox>
			<xmin>361.62</xmin>
			<ymin>898.01</ymin>
			<xmax>849.95</xmax>
			<ymax>1148.01</ymax>
		</bndbox>
	</object>
	<object>
		<name>195</name>
		<pose>Left</pose>
		<truncated>1</truncated>
		<difficult>0</difficult>
		<bndbox>
			<xmin>848.29</xmin>
			<ymin>852.66</ymin>
			<xmax>1004.0</xmax>
			<ymax>1062.66</ymax>
		</bndbox>
	</object>
	<object>
		<name>84</name>
		<pose>Left</pose>
		<truncated>1</truncated>
		<difficult>0</difficult>
		<bndbox>
			<xmin>901.14</xmin>
			<ymin>751.22</ymin>
			<xmax>1302.57</xmax>
			<ymax>1114.08</ymax>
		</bndbox>
	</object>
	<object>
		<name>36</name>
		<pose>Left</pose>
		<truncated>1</truncated>
		<difficult>0</difficult>
		<bndbox>
			<xmin>1148.29</xmin>
			<ymin>686.95</ymin>
			<xmax>1552.58</xmax>
			<ymax>932.66</ymax>
		</bndbox>
	</object>
	<object>
		<name>84</name>
		<pose>Left</pose>
		<truncated>1</truncated>
		<difficult>0</difficult>
		<bndbox>
			<xmin>1342.57</xmin>
			<ymin>569.8</ymin>
			<xmax>1799.71</xmax>
			<ymax>741.23</ymax>
		</bndbox>
	</object>
	<object>
		<name>195</name>
		<pose>Left</pose>
		<truncated>1</truncated>
		<difficult>0</difficult>
		<bndbox>
			<xmin>943.19</xmin>
			<ymin>1052.86</ymin>
			<xmax>1060.01</xmax>
			<ymax>1265.69</ymax>
		</bndbox>
	</object>
	<object>
		<name>195</name>
		<pose>Left</pose>
		<truncated>1</truncated>
		<difficult>0</difficult>
		<bndbox>
			<xmin>987.14</xmin>
			<ymin>1004.28</ymin>
			<xmax>1109.75</xmax>
			<ymax>1224.05</ymax>
		</bndbox>
	</object>
	<object>
		<name>36</name>
		<pose>Left</pose>
		<truncated>1</truncated>
		<difficult>0</difficult>
		<bndbox>
			<xmin>597.35</xmin>
			<ymin>1036.67</ymin>
			<xmax>979.05</xmax>
			<ymax>1263.38</ymax>
		</bndbox>
	</object>
	<object>
		<name>36</name>
		<pose>Left</pose>
		<truncated>1</truncated>
		<difficult>0</difficult>
		<bndbox>
			<xmin>1201.13</xmin>
			<ymin>924.48</ymin>
			<xmax>1509.96</xmax>
			<ymax>1327.0</ymax>
		</bndbox>
	</object>
	<object>
		<name>50</name>
		<pose>Left</pose>
		<truncated>1</truncated>
		<difficult>0</difficult>
		<bndbox>
			<xmin>1437.08</xmin>
			<ymin>924.48</ymin>
			<xmax>1782.92</xmax>
			<ymax>1370.95</ymax>
		</bndbox>
	</object>
	<object>
		<name>88</name>
		<pose>Left</pose>
		<truncated>1</truncated>
		<difficult>0</difficult>
		<bndbox>
			<xmin>487.46</xmin>
			<ymin>1235.62</ymin>
			<xmax>1017.21</xmax>
			<ymax>1385.99</ymax>
		</bndbox>
	</object>
	<object>
		<name>88</name>
		<pose>Left</pose>
		<truncated>1</truncated>
		<difficult>0</difficult>
		<bndbox>
			<xmin>387.99</xmin>
			<ymin>1330.47</ymin>
			<xmax>910.8</xmax>
			<ymax>1568.74</ymax>
		</bndbox>
	</object>
	<object>
		<name>113</name>
		<pose>Left</pose>
		<truncated>1</truncated>
		<difficult>0</difficult>
		<bndbox>
			<xmin>553.39</xmin>
			<ymin>1495.87</ymin>
			<xmax>849.5</xmax>
			<ymax>1723.73</ymax>
		</bndbox>
	</object>
	<object>
		<name>66</name>
		<pose>Left</pose>
		<truncated>1</truncated>
		<difficult>0</difficult>
		<bndbox>
			<xmin>836.78</xmin>
			<ymin>1169.69</ymin>
			<xmax>1261.28</xmax>
			<ymax>1721.42</ymax>
		</bndbox>
	</object>
	<object>
		<name>152</name>
		<pose>Left</pose>
		<truncated>1</truncated>
		<difficult>0</difficult>
		<bndbox>
			<xmin>1099.34</xmin>
			<ymin>1320.06</ymin>
			<xmax>1459.06</xmax>
			<ymax>1742.24</ymax>
		</bndbox>
	</object>
	<object>
		<name>113</name>
		<pose>Left</pose>
		<truncated>1</truncated>
		<difficult>0</difficult>
		<bndbox>
			<xmin>1284.41</xmin>
			<ymin>1306.18</ymin>
			<xmax>1586.3</xmax>
			<ymax>1594.19</ymax>
		</bndbox>
	</object>
</annotation>
