<?xml version="1.0" encoding="utf-8"?>
<annotation>
	<folder>VOC2007</folder>
	<filename>000051.jpg</filename>
	<source>
		<database>The VOC2007 Database</database>
		<annotation>PASCAL VOC2007</annotation>
		<image>flickr</image>
		<flickrid>341012865</flickrid>
	</source>
	<owner>
		<flickrid>Fried Camels</flickrid>
		<name>Jinky the Fruit Bat</name>
	</owner>
	<size>
		<width>1850</width>
		<height>1850</height>
		<depth>3</depth>
	</size>
	<segmented>0</segmented>
	<object>
		<name>148</name>
		<pose>Left</pose>
		<truncated>1</truncated>
		<difficult>0</difficult>
		<bndbox>
			<xmin>1220.23</xmin>
			<ymin>99.0</ymin>
			<xmax>1484.87</xmax>
			<ymax>357.28</ymax>
		</bndbox>
	</object>
	<object>
		<name>200</name>
		<pose>Left</pose>
		<truncated>1</truncated>
		<difficult>0</difficult>
		<bndbox>
			<xmin>979.06</xmin>
			<ymin>188.02</ymin>
			<xmax>1213.5</xmax>
			<ymax>282.3</ymax>
		</bndbox>
	</object>
	<object>
		<name>39</name>
		<pose>Left</pose>
		<truncated>1</truncated>
		<difficult>0</difficult>
		<bndbox>
			<xmin>529.65</xmin>
			<ymin>79.42</ymin>
			<xmax>896.4</xmax>
			<ymax>438.44</ymax>
		</bndbox>
	</object>
	<object>
		<name>20</name>
		<pose>Left</pose>
		<truncated>1</truncated>
		<difficult>0</difficult>
		<bndbox>
			<xmin>395.67</xmin>
			<ymin>768.81</ymin>
			<xmax>779.85</xmax>
			<ymax>1335.67</ymax>
		</bndbox>
	</object>
	<object>
		<name>18</name>
		<pose>Left</pose>
		<truncated>1</truncated>
		<difficult>0</difficult>
		<bndbox>
			<xmin>552.65</xmin>
			<ymin>952.83</ymin>
			<xmax>1032.09</xmax>
			<ymax>1561.55</ymax>
		</bndbox>
	</object>
	<object>
		<name>150</name>
		<pose>Left</pose>
		<truncated>1</truncated>
		<difficult>0</difficult>
		<bndbox>
			<xmin>1147.24</xmin>
			<ymin>509.09</ymin>
			<xmax>1447.93</xmax>
			<ymax>728.24</ymax>
		</bndbox>
	</object>
	<object>
		<name>86</name>
		<pose>Left</pose>
		<truncated>1</truncated>
		<difficult>0</difficult>
		<bndbox>
			<xmin>1197.91</xmin>
			<ymin>332.93</ymin>
			<xmax>1567.03</xmax>
			<ymax>600.98</ymax>
		</bndbox>
	</object>
	<object>
		<name>170</name>
		<pose>Left</pose>
		<truncated>1</truncated>
		<difficult>0</difficult>
		<bndbox>
			<xmin>931.97</xmin>
			<ymin>354.05</ymin>
			<xmax>1293.93</xmax>
			<ymax>898.19</ymax>
		</bndbox>
	</object>
	<object>
		<name>37</name>
		<pose>Left</pose>
		<truncated>1</truncated>
		<difficult>0</difficult>
		<bndbox>
			<xmin>548.99</xmin>
			<ymin>562.6</ymin>
			<xmax>1325.62</xmax>
			<ymax>1348.56</ymax>
		</bndbox>
	</object>
	<object>
		<name>200</name>
		<pose>Left</pose>
		<truncated>1</truncated>
		<difficult>0</difficult>
		<bndbox>
			<xmin>861.33</xmin>
			<ymin>276.35</ymin>
			<xmax>1138.2</xmax>
			<ymax>364.45</ymax>
		</bndbox>
	</object>
	<object>
		<name>20</name>
		<pose>Left</pose>
		<truncated>1</truncated>
		<difficult>0</difficult>
		<bndbox>
			<xmin>337.8</xmin>
			<ymin>324.18</ymin>
			<xmax>873.92</xmax>
			<ymax>820.03</ymax>
		</bndbox>
	</object>
	<object>
		<name>20</name>
		<pose>Left</pose>
		<truncated>1</truncated>
		<difficult>0</difficult>
		<bndbox>
			<xmin>1135.69</xmin>
			<ymin>1190.68</ymin>
			<xmax>1691.12</xmax>
			<ymax>1706.66</ymax>
		</bndbox>
	</object>
	<object>
		<name>39</name>
		<pose>Left</pose>
		<truncated>1</truncated>
		<difficult>0</difficult>
		<bndbox>
			<xmin>1256.26</xmin>
			<ymin>776.38</ymin>
			<xmax>1623.34</xmax>
			<ymax>1108.9</ymax>
		</bndbox>
	</object>
	<object>
		<name>170</name>
		<pose>Left</pose>
		<truncated>1</truncated>
		<difficult>0</difficult>
		<bndbox>
			<xmin>983.57</xmin>
			<ymin>1075.24</ymin>
			<xmax>1510.85</xmax>
			<ymax>1515.3</ymax>
		</bndbox>
	</object>
	<object>
		<name>148</name>
		<pose>Left</pose>
		<truncated>1</truncated>
		<difficult>0</difficult>
		<bndbox>
			<xmin>1423.87</xmin>
			<ymin>640.38</ymin>
			<xmax>1657.35</xmax>
			<ymax>793.59</ymax>
		</bndbox>
	</object>
	<object>
		<name>148</name>
		<pose>Left</pose>
		<truncated>1</truncated>
		<difficult>0</difficult>
		<bndbox>
			<xmin>651.67</xmin>
			<ymin>600.02</ymin>
			<xmax>892.87</xmax>
			<ymax>777.84</ymax>
		</bndbox>
	</object>
</annotation>
