<?xml version="1.0" encoding="utf-8"?>
<annotation>
	<folder>VOC2007</folder>
	<filename>000019.jpg</filename>
	<source>
		<database>The VOC2007 Database</database>
		<annotation>PASCAL VOC2007</annotation>
		<image>flickr</image>
		<flickrid>341012865</flickrid>
	</source>
	<owner>
		<flickrid>Fried Camels</flickrid>
		<name>Jinky the Fruit Bat</name>
	</owner>
	<size>
		<width>1817</width>
		<height>1817</height>
		<depth>3</depth>
	</size>
	<segmented>0</segmented>
	<object>
		<name>188</name>
		<pose>Left</pose>
		<truncated>1</truncated>
		<difficult>0</difficult>
		<bndbox>
			<xmin>230.38</xmin>
			<ymin>684.3</ymin>
			<xmax>640.75</xmax>
			<ymax>1030.4</ymax>
		</bndbox>
	</object>
	<object>
		<name>188</name>
		<pose>Left</pose>
		<truncated>1</truncated>
		<difficult>0</difficult>
		<bndbox>
			<xmin>386.12</xmin>
			<ymin>320.9</ymin>
			<xmax>784.13</xmax>
			<ymax>634.86</ymax>
		</bndbox>
	</object>
	<object>
		<name>154</name>
		<pose>Left</pose>
		<truncated>1</truncated>
		<difficult>0</difficult>
		<bndbox>
			<xmin>514.67</xmin>
			<ymin>995.78</ymin>
			<xmax>969.54</xmax>
			<ymax>1507.51</ymax>
		</bndbox>
	</object>
	<object>
		<name>154</name>
		<pose>Left</pose>
		<truncated>1</truncated>
		<difficult>0</difficult>
		<bndbox>
			<xmin>606.14</xmin>
			<ymin>560.69</ymin>
			<xmax>984.37</xmax>
			<ymax>1015.56</ymax>
		</bndbox>
	</object>
	<object>
		<name>16</name>
		<pose>Left</pose>
		<truncated>1</truncated>
		<difficult>0</difficult>
		<bndbox>
			<xmin>727.27</xmin>
			<ymin>118.19</ymin>
			<xmax>1360.13</xmax>
			<ymax>753.52</ymax>
		</bndbox>
	</object>
	<object>
		<name>192</name>
		<pose>Left</pose>
		<truncated>1</truncated>
		<difficult>0</difficult>
		<bndbox>
			<xmin>917.43</xmin>
			<ymin>872.42</ymin>
			<xmax>1135.38</xmax>
			<ymax>1042.11</ymax>
		</bndbox>
	</object>
	<object>
		<name>192</name>
		<pose>Left</pose>
		<truncated>1</truncated>
		<difficult>0</difficult>
		<bndbox>
			<xmin>962.57</xmin>
			<ymin>733.87</ymin>
			<xmax>1175.85</xmax>
			<ymax>902.0</ymax>
		</bndbox>
	</object>
	<object>
		<name>192</name>
		<pose>Left</pose>
		<truncated>1</truncated>
		<difficult>0</difficult>
		<bndbox>
			<xmin>1124.48</xmin>
			<ymin>654.47</ymin>
			<xmax>1340.87</xmax>
			<ymax>835.06</ymax>
		</bndbox>
	</object>
	<object>
		<name>122</name>
		<pose>Left</pose>
		<truncated>1</truncated>
		<difficult>0</difficult>
		<bndbox>
			<xmin>1210.1</xmin>
			<ymin>567.29</ymin>
			<xmax>1530.8</xmax>
			<ymax>835.06</ymax>
		</bndbox>
	</object>
	<object>
		<name>188</name>
		<pose>Left</pose>
		<truncated>1</truncated>
		<difficult>0</difficult>
		<bndbox>
			<xmin>852.26</xmin>
			<ymin>969.17</ymin>
			<xmax>1252.57</xmax>
			<ymax>1313.44</ymax>
		</bndbox>
	</object>
	<object>
		<name>44</name>
		<pose>Left</pose>
		<truncated>1</truncated>
		<difficult>0</difficult>
		<bndbox>
			<xmin>888.29</xmin>
			<ymin>1207.36</ymin>
			<xmax>1396.69</xmax>
			<ymax>1681.73</ymax>
		</bndbox>
	</object>
	<object>
		<name>16</name>
		<pose>Left</pose>
		<truncated>1</truncated>
		<difficult>0</difficult>
		<bndbox>
			<xmin>1108.47</xmin>
			<ymin>769.01</ymin>
			<xmax>1664.91</xmax>
			<ymax>1383.49</ymax>
		</bndbox>
	</object>
</annotation>
