<?xml version="1.0" encoding="utf-8"?>
<annotation>
	<folder>VOC2007</folder>
	<filename>000015.jpg</filename>
	<source>
		<database>The VOC2007 Database</database>
		<annotation>PASCAL VOC2007</annotation>
		<image>flickr</image>
		<flickrid>341012865</flickrid>
	</source>
	<owner>
		<flickrid>Fried Camels</flickrid>
		<name>Jinky the Fruit Bat</name>
	</owner>
	<size>
		<width>1852</width>
		<height>1852</height>
		<depth>3</depth>
	</size>
	<segmented>0</segmented>
	<object>
		<name>70</name>
		<pose>Left</pose>
		<truncated>1</truncated>
		<difficult>0</difficult>
		<bndbox>
			<xmin>140.85</xmin>
			<ymin>438.06</ymin>
			<xmax>451.61</xmax>
			<ymax>796.43</ymax>
		</bndbox>
	</object>
	<object>
		<name>156</name>
		<pose>Left</pose>
		<truncated>1</truncated>
		<difficult>0</difficult>
		<bndbox>
			<xmin>759.85</xmin>
			<ymin>728.77</ymin>
			<xmax>1150.8</xmax>
			<ymax>1049.55</ymax>
		</bndbox>
	</object>
	<object>
		<name>156</name>
		<pose>Left</pose>
		<truncated>1</truncated>
		<difficult>0</difficult>
		<bndbox>
			<xmin>1010.46</xmin>
			<ymin>415.5</ymin>
			<xmax>1393.89</xmax>
			<ymax>718.74</ymax>
		</bndbox>
	</object>
	<object>
		<name>70</name>
		<pose>Left</pose>
		<truncated>1</truncated>
		<difficult>0</difficult>
		<bndbox>
			<xmin>494.21</xmin>
			<ymin>1029.5</ymin>
			<xmax>789.93</xmax>
			<ymax>1360.3</ymax>
		</bndbox>
	</object>
	<object>
		<name>54</name>
		<pose>Left</pose>
		<truncated>1</truncated>
		<difficult>0</difficult>
		<bndbox>
			<xmin>321.29</xmin>
			<ymin>1285.12</ymin>
			<xmax>837.54</xmax>
			<ymax>1796.36</ymax>
		</bndbox>
	</object>
	<object>
		<name>157</name>
		<pose>Left</pose>
		<truncated>1</truncated>
		<difficult>0</difficult>
		<bndbox>
			<xmin>772.38</xmin>
			<ymin>1377.85</ymin>
			<xmax>1135.76</xmax>
			<ymax>1741.23</ymax>
		</bndbox>
	</object>
	<object>
		<name>97</name>
		<pose>Left</pose>
		<truncated>1</truncated>
		<difficult>0</difficult>
		<bndbox>
			<xmin>1043.04</xmin>
			<ymin>849.06</ymin>
			<xmax>1248.54</xmax>
			<ymax>1104.68</ymax>
		</bndbox>
	</object>
	<object>
		<name>97</name>
		<pose>Left</pose>
		<truncated>1</truncated>
		<difficult>0</difficult>
		<bndbox>
			<xmin>1145.93</xmin>
			<ymin>753.42</ymin>
			<xmax>1395.68</xmax>
			<ymax>940.43</ymax>
		</bndbox>
	</object>
	<object>
		<name>97</name>
		<pose>Left</pose>
		<truncated>1</truncated>
		<difficult>0</difficult>
		<bndbox>
			<xmin>1155.4</xmin>
			<ymin>1041.04</ymin>
			<xmax>1416.98</xmax>
			<ymax>1236.34</ymax>
		</bndbox>
	</object>
	<object>
		<name>70</name>
		<pose>Left</pose>
		<truncated>1</truncated>
		<difficult>0</difficult>
		<bndbox>
			<xmin>1318.74</xmin>
			<ymin>494.2</ymin>
			<xmax>1607.55</xmax>
			<ymax>843.37</ymax>
		</bndbox>
	</object>
</annotation>
