<?xml version="1.0" encoding="utf-8"?>
<annotation>
	<folder>VOC2007</folder>
	<filename>000039.jpg</filename>
	<source>
		<database>The VOC2007 Database</database>
		<annotation>PASCAL VOC2007</annotation>
		<image>flickr</image>
		<flickrid>341012865</flickrid>
	</source>
	<owner>
		<flickrid>Fried Camels</flickrid>
		<name>Jinky the Fruit Bat</name>
	</owner>
	<size>
		<width>1836</width>
		<height>1836</height>
		<depth>3</depth>
	</size>
	<segmented>0</segmented>
	<object>
		<name>37</name>
		<pose>Left</pose>
		<truncated>1</truncated>
		<difficult>0</difficult>
		<bndbox>
			<xmin>569.96</xmin>
			<ymin>23.56</ymin>
			<xmax>1324.37</xmax>
			<ymax>583.28</ymax>
		</bndbox>
	</object>
	<object>
		<name>37</name>
		<pose>Left</pose>
		<truncated>1</truncated>
		<difficult>0</difficult>
		<bndbox>
			<xmin>713.02</xmin>
			<ymin>1207.9</ymin>
			<xmax>1521.51</xmax>
			<ymax>1781.14</ymax>
		</bndbox>
	</object>
	<object>
		<name>37</name>
		<pose>Left</pose>
		<truncated>1</truncated>
		<difficult>0</difficult>
		<bndbox>
			<xmin>148.38</xmin>
			<ymin>1051.07</ymin>
			<xmax>764.89</xmax>
			<ymax>1759.51</ymax>
		</bndbox>
	</object>
	<object>
		<name>182</name>
		<pose>Left</pose>
		<truncated>1</truncated>
		<difficult>0</difficult>
		<bndbox>
			<xmin>334.96</xmin>
			<ymin>704.96</ymin>
			<xmax>764.89</xmax>
			<ymax>1018.62</ymax>
		</bndbox>
	</object>
	<object>
		<name>180</name>
		<pose>Left</pose>
		<truncated>1</truncated>
		<difficult>0</difficult>
		<bndbox>
			<xmin>1485.87</xmin>
			<ymin>485.93</ymin>
			<xmax>1813.05</xmax>
			<ymax>878.01</ymax>
		</bndbox>
	</object>
	<object>
		<name>180</name>
		<pose>Left</pose>
		<truncated>1</truncated>
		<difficult>0</difficult>
		<bndbox>
			<xmin>1180.32</xmin>
			<ymin>423.75</ymin>
			<xmax>1583.21</xmax>
			<ymax>732.0</ymax>
		</bndbox>
	</object>
	<object>
		<name>180</name>
		<pose>Left</pose>
		<truncated>1</truncated>
		<difficult>0</difficult>
		<bndbox>
			<xmin>774.34</xmin>
			<ymin>556.43</ymin>
			<xmax>1170.65</xmax>
			<ymax>884.5</ymax>
		</bndbox>
	</object>
	<object>
		<name>191</name>
		<pose>Left</pose>
		<truncated>1</truncated>
		<difficult>0</difficult>
		<bndbox>
			<xmin>776.73</xmin>
			<ymin>1015.72</ymin>
			<xmax>989.32</xmax>
			<ymax>1199.44</ymax>
		</bndbox>
	</object>
	<object>
		<name>191</name>
		<pose>Left</pose>
		<truncated>1</truncated>
		<difficult>0</difficult>
		<bndbox>
			<xmin>1293.53</xmin>
			<ymin>1152.2</ymin>
			<xmax>1534.99</xmax>
			<ymax>1335.92</ymax>
		</bndbox>
	</object>
	<object>
		<name>67</name>
		<pose>Left</pose>
		<truncated>1</truncated>
		<difficult>0</difficult>
		<bndbox>
			<xmin>1130.8</xmin>
			<ymin>900.24</ymin>
			<xmax>1461.49</xmax>
			<ymax>1233.56</ymax>
		</bndbox>
	</object>
	<object>
		<name>67</name>
		<pose>Left</pose>
		<truncated>1</truncated>
		<difficult>0</difficult>
		<bndbox>
			<xmin>1383.12</xmin>
			<ymin>47.26</ymin>
			<xmax>1755.45</xmax>
			<ymax>372.25</ymax>
		</bndbox>
	</object>
	<object>
		<name>40</name>
		<pose>Left</pose>
		<truncated>1</truncated>
		<difficult>0</difficult>
		<bndbox>
			<xmin>1511.92</xmin>
			<ymin>938.84</ymin>
			<xmax>1740.98</xmax>
			<ymax>1258.79</ymax>
		</bndbox>
	</object>
	<object>
		<name>40</name>
		<pose>Left</pose>
		<truncated>1</truncated>
		<difficult>0</difficult>
		<bndbox>
			<xmin>1161.07</xmin>
			<ymin>706.15</ymin>
			<xmax>1491.93</xmax>
			<ymax>938.84</ymax>
		</bndbox>
	</object>
	<object>
		<name>40</name>
		<pose>Left</pose>
		<truncated>1</truncated>
		<difficult>0</difficult>
		<bndbox>
			<xmin>800.35</xmin>
			<ymin>845.13</ymin>
			<xmax>1149.42</xmax>
			<ymax>1128.58</ymax>
		</bndbox>
	</object>
</annotation>
