<?xml version="1.0" encoding="utf-8"?>
<annotation>
	<folder>VOC2007</folder>
	<filename>000049.jpg</filename>
	<source>
		<database>The VOC2007 Database</database>
		<annotation>PASCAL VOC2007</annotation>
		<image>flickr</image>
		<flickrid>341012865</flickrid>
	</source>
	<owner>
		<flickrid>Fried Camels</flickrid>
		<name>Jinky the Fruit Bat</name>
	</owner>
	<size>
		<width>1872</width>
		<height>1872</height>
		<depth>3</depth>
	</size>
	<segmented>0</segmented>
	<object>
		<name>23</name>
		<pose>Left</pose>
		<truncated>1</truncated>
		<difficult>0</difficult>
		<bndbox>
			<xmin>330.42</xmin>
			<ymin>1067.88</ymin>
			<xmax>887.29</xmax>
			<ymax>1770.5</ymax>
		</bndbox>
	</object>
	<object>
		<name>23</name>
		<pose>Left</pose>
		<truncated>1</truncated>
		<difficult>0</difficult>
		<bndbox>
			<xmin>298.65</xmin>
			<ymin>271.82</ymin>
			<xmax>960.16</xmax>
			<ymax>1045.45</ymax>
		</bndbox>
	</object>
	<object>
		<name>111</name>
		<pose>Left</pose>
		<truncated>1</truncated>
		<difficult>0</difficult>
		<bndbox>
			<xmin>857.38</xmin>
			<ymin>821.2</ymin>
			<xmax>1216.17</xmax>
			<ymax>1151.96</ymax>
		</bndbox>
	</object>
	<object>
		<name>83</name>
		<pose>Left</pose>
		<truncated>1</truncated>
		<difficult>0</difficult>
		<bndbox>
			<xmin>1019.96</xmin>
			<ymin>1166.92</ymin>
			<xmax>1219.91</xmax>
			<ymax>1486.46</ymax>
		</bndbox>
	</object>
	<object>
		<name>108</name>
		<pose>Left</pose>
		<truncated>1</truncated>
		<difficult>0</difficult>
		<bndbox>
			<xmin>829.35</xmin>
			<ymin>1314.54</ymin>
			<xmax>1042.38</xmax>
			<ymax>1678.93</ymax>
		</bndbox>
	</object>
	<object>
		<name>111</name>
		<pose>Left</pose>
		<truncated>1</truncated>
		<difficult>0</difficult>
		<bndbox>
			<xmin>1146.11</xmin>
			<ymin>988.46</ymin>
			<xmax>1415.89</xmax>
			<ymax>1332.37</ymax>
		</bndbox>
	</object>
	<object>
		<name>83</name>
		<pose>Left</pose>
		<truncated>1</truncated>
		<difficult>0</difficult>
		<bndbox>
			<xmin>1164.65</xmin>
			<ymin>712.5</ymin>
			<xmax>1438.54</xmax>
			<ymax>1025.52</ymax>
		</bndbox>
	</object>
	<object>
		<name>83</name>
		<pose>Left</pose>
		<truncated>1</truncated>
		<difficult>0</difficult>
		<bndbox>
			<xmin>1368.52</xmin>
			<ymin>819.58</ymin>
			<xmax>1693.9</xmax>
			<ymax>1120.25</ymax>
		</bndbox>
	</object>
	<object>
		<name>72</name>
		<pose>Left</pose>
		<truncated>1</truncated>
		<difficult>0</difficult>
		<bndbox>
			<xmin>1341.75</xmin>
			<ymin>973.74</ymin>
			<xmax>1730.97</xmax>
			<ymax>1505.94</ymax>
		</bndbox>
	</object>
	<object>
		<name>108</name>
		<pose>Left</pose>
		<truncated>1</truncated>
		<difficult>0</difficult>
		<bndbox>
			<xmin>1209.37</xmin>
			<ymin>1286.18</ymin>
			<xmax>1521.8</xmax>
			<ymax>1635.68</ymax>
		</bndbox>
	</object>
</annotation>
