<?xml version="1.0" encoding="utf-8"?>
<annotation>
	<folder>VOC2007</folder>
	<filename>000058.jpg</filename>
	<source>
		<database>The VOC2007 Database</database>
		<annotation>PASCAL VOC2007</annotation>
		<image>flickr</image>
		<flickrid>341012865</flickrid>
	</source>
	<owner>
		<flickrid>Fried Camels</flickrid>
		<name>Jinky the Fruit Bat</name>
	</owner>
	<size>
		<width>1840</width>
		<height>1840</height>
		<depth>3</depth>
	</size>
	<segmented>0</segmented>
	<object>
		<name>189</name>
		<pose>Left</pose>
		<truncated>1</truncated>
		<difficult>0</difficult>
		<bndbox>
			<xmin>1520.67</xmin>
			<ymin>195.46</ymin>
			<xmax>1722.0</xmax>
			<ymax>421.08</ymax>
		</bndbox>
	</object>
	<object>
		<name>189</name>
		<pose>Left</pose>
		<truncated>1</truncated>
		<difficult>0</difficult>
		<bndbox>
			<xmin>1561.35</xmin>
			<ymin>803.18</ymin>
			<xmax>1718.19</xmax>
			<ymax>1002.1</ymax>
		</bndbox>
	</object>
	<object>
		<name>116</name>
		<pose>Left</pose>
		<truncated>1</truncated>
		<difficult>0</difficult>
		<bndbox>
			<xmin>1234.2</xmin>
			<ymin>263.78</ymin>
			<xmax>1532.86</xmax>
			<ymax>457.58</ymax>
		</bndbox>
	</object>
	<object>
		<name>8</name>
		<pose>Left</pose>
		<truncated>1</truncated>
		<difficult>0</difficult>
		<bndbox>
			<xmin>876.09</xmin>
			<ymin>574.89</ymin>
			<xmax>1424.2</xmax>
			<ymax>1055.3</ymax>
		</bndbox>
	</object>
	<object>
		<name>8</name>
		<pose>Left</pose>
		<truncated>1</truncated>
		<difficult>0</difficult>
		<bndbox>
			<xmin>397.55</xmin>
			<ymin>358.48</ymin>
			<xmax>942.71</xmax>
			<ymax>966.08</ymax>
		</bndbox>
	</object>
	<object>
		<name>184</name>
		<pose>Left</pose>
		<truncated>1</truncated>
		<difficult>0</difficult>
		<bndbox>
			<xmin>515.57</xmin>
			<ymin>961.51</ymin>
			<xmax>921.5</xmax>
			<ymax>1393.55</ymax>
		</bndbox>
	</object>
	<object>
		<name>77</name>
		<pose>Left</pose>
		<truncated>1</truncated>
		<difficult>0</difficult>
		<bndbox>
			<xmin>719.32</xmin>
			<ymin>887.67</ymin>
			<xmax>1197.61</xmax>
			<ymax>1389.05</ymax>
		</bndbox>
	</object>
	<object>
		<name>104</name>
		<pose>Left</pose>
		<truncated>1</truncated>
		<difficult>0</difficult>
		<bndbox>
			<xmin>1111.38</xmin>
			<ymin>976.36</ymin>
			<xmax>1401.14</xmax>
			<ymax>1281.88</ymax>
		</bndbox>
	</object>
	<object>
		<name>104</name>
		<pose>Left</pose>
		<truncated>1</truncated>
		<difficult>0</difficult>
		<bndbox>
			<xmin>954.98</xmin>
			<ymin>1349.77</ymin>
			<xmax>1227.77</xmax>
			<ymax>1675.91</ymax>
		</bndbox>
	</object>
	<object>
		<name>8</name>
		<pose>Left</pose>
		<truncated>1</truncated>
		<difficult>0</difficult>
		<bndbox>
			<xmin>1099.67</xmin>
			<ymin>1142.15</ymin>
			<xmax>1739.67</xmax>
			<ymax>1744.74</ymax>
		</bndbox>
	</object>
	<object>
		<name>116</name>
		<pose>Left</pose>
		<truncated>1</truncated>
		<difficult>0</difficult>
		<bndbox>
			<xmin>616.17</xmin>
			<ymin>1473.14</ymin>
			<xmax>919.62</xmax>
			<ymax>1729.53</ymax>
		</bndbox>
	</object>
</annotation>
