<?xml version="1.0" encoding="utf-8"?>
<annotation>
	<folder>VOC2007</folder>
	<filename>000010.jpg</filename>
	<source>
		<database>The VOC2007 Database</database>
		<annotation>PASCAL VOC2007</annotation>
		<image>flickr</image>
		<flickrid>341012865</flickrid>
	</source>
	<owner>
		<flickrid>Fried Camels</flickrid>
		<name>Jinky the Fruit Bat</name>
	</owner>
	<size>
		<width>1854</width>
		<height>1854</height>
		<depth>3</depth>
	</size>
	<segmented>0</segmented>
	<object>
		<name>55</name>
		<pose>Left</pose>
		<truncated>1</truncated>
		<difficult>0</difficult>
		<bndbox>
			<xmin>273.56</xmin>
			<ymin>1300.05</ymin>
			<xmax>737.66</xmax>
			<ymax>1720.64</ymax>
		</bndbox>
	</object>
	<object>
		<name>55</name>
		<pose>Left</pose>
		<truncated>1</truncated>
		<difficult>0</difficult>
		<bndbox>
			<xmin>636.14</xmin>
			<ymin>134.94</ymin>
			<xmax>1054.32</xmax>
			<ymax>432.26</ymax>
		</bndbox>
	</object>
	<object>
		<name>147</name>
		<pose>Left</pose>
		<truncated>1</truncated>
		<difficult>0</difficult>
		<bndbox>
			<xmin>570.88</xmin>
			<ymin>163.95</ymin>
			<xmax>682.07</xmax>
			<ymax>427.43</ymax>
		</bndbox>
	</object>
	<object>
		<name>15</name>
		<pose>Left</pose>
		<truncated>1</truncated>
		<difficult>0</difficult>
		<bndbox>
			<xmin>138.2</xmin>
			<ymin>850.44</ymin>
			<xmax>819.85</xmax>
			<ymax>1413.65</ymax>
		</bndbox>
	</object>
	<object>
		<name>82</name>
		<pose>Left</pose>
		<truncated>1</truncated>
		<difficult>0</difficult>
		<bndbox>
			<xmin>508.03</xmin>
			<ymin>809.34</ymin>
			<xmax>800.51</xmax>
			<ymax>995.47</ymax>
		</bndbox>
	</object>
	<object>
		<name>82</name>
		<pose>Left</pose>
		<truncated>1</truncated>
		<difficult>0</difficult>
		<bndbox>
			<xmin>933.46</xmin>
			<ymin>1382.23</ymin>
			<xmax>1245.28</xmax>
			<ymax>1578.02</ymax>
		</bndbox>
	</object>
	<object>
		<name>82</name>
		<pose>Left</pose>
		<truncated>1</truncated>
		<difficult>0</difficult>
		<bndbox>
			<xmin>902.04</xmin>
			<ymin>739.25</ymin>
			<xmax>1201.77</xmax>
			<ymax>908.45</ymax>
		</bndbox>
	</object>
	<object>
		<name>49</name>
		<pose>Left</pose>
		<truncated>1</truncated>
		<difficult>0</difficult>
		<bndbox>
			<xmin>732.83</xmin>
			<ymin>1507.93</ymin>
			<xmax>1085.74</xmax>
			<ymax>1851.17</ymax>
		</bndbox>
	</object>
	<object>
		<name>49</name>
		<pose>Left</pose>
		<truncated>1</truncated>
		<difficult>0</difficult>
		<bndbox>
			<xmin>1192.1</xmin>
			<ymin>4.42</ymin>
			<xmax>1554.68</xmax>
			<ymax>347.66</ymax>
		</bndbox>
	</object>
	<object>
		<name>71</name>
		<pose>Left</pose>
		<truncated>1</truncated>
		<difficult>0</difficult>
		<bndbox>
			<xmin>524.95</xmin>
			<ymin>589.38</ymin>
			<xmax>1073.66</xmax>
			<ymax>826.27</ymax>
		</bndbox>
	</object>
	<object>
		<name>71</name>
		<pose>Left</pose>
		<truncated>1</truncated>
		<difficult>0</difficult>
		<bndbox>
			<xmin>790.84</xmin>
			<ymin>1198.51</ymin>
			<xmax>1344.38</xmax>
			<ymax>1401.56</ymax>
		</bndbox>
	</object>
	<object>
		<name>71</name>
		<pose>Left</pose>
		<truncated>1</truncated>
		<difficult>0</difficult>
		<bndbox>
			<xmin>875.45</xmin>
			<ymin>1053.48</ymin>
			<xmax>1428.99</xmax>
			<ymax>1254.11</ymax>
		</bndbox>
	</object>
	<object>
		<name>76</name>
		<pose>Left</pose>
		<truncated>1</truncated>
		<difficult>0</difficult>
		<bndbox>
			<xmin>880.28</xmin>
			<ymin>898.78</ymin>
			<xmax>1479.75</xmax>
			<ymax>1109.08</ymax>
		</bndbox>
	</object>
	<object>
		<name>33</name>
		<pose>Left</pose>
		<truncated>1</truncated>
		<difficult>0</difficult>
		<bndbox>
			<xmin>694.16</xmin>
			<ymin>383.92</ymin>
			<xmax>1025.32</xmax>
			<ymax>618.39</ymax>
		</bndbox>
	</object>
	<object>
		<name>173</name>
		<pose>Left</pose>
		<truncated>1</truncated>
		<difficult>0</difficult>
		<bndbox>
			<xmin>1037.4</xmin>
			<ymin>623.22</ymin>
			<xmax>1590.94</xmax>
			<ymax>821.43</ymax>
		</bndbox>
	</object>
	<object>
		<name>173</name>
		<pose>Left</pose>
		<truncated>1</truncated>
		<difficult>0</difficult>
		<bndbox>
			<xmin>1223.53</xmin>
			<ymin>1215.44</ymin>
			<xmax>1784.32</xmax>
			<ymax>1486.17</ymax>
		</bndbox>
	</object>
	<object>
		<name>173</name>
		<pose>Left</pose>
		<truncated>1</truncated>
		<difficult>0</difficult>
		<bndbox>
			<xmin>1117.17</xmin>
			<ymin>1529.68</ymin>
			<xmax>1661.04</xmax>
			<ymax>1829.41</ymax>
		</bndbox>
	</object>
	<object>
		<name>159</name>
		<pose>Left</pose>
		<truncated>1</truncated>
		<difficult>0</difficult>
		<bndbox>
			<xmin>1409.65</xmin>
			<ymin>775.51</ymin>
			<xmax>1779.48</xmax>
			<ymax>1198.52</ymax>
		</bndbox>
	</object>
	<object>
		<name>159</name>
		<pose>Left</pose>
		<truncated>1</truncated>
		<difficult>0</difficult>
		<bndbox>
			<xmin>1327.47</xmin>
			<ymin>267.89</ymin>
			<xmax>1820.58</xmax>
			<ymax>712.66</ymax>
		</bndbox>
	</object>
</annotation>
