<?xml version="1.0" encoding="utf-8"?>
<annotation>
	<folder>VOC2007</folder>
	<filename>000037.jpg</filename>
	<source>
		<database>The VOC2007 Database</database>
		<annotation>PASCAL VOC2007</annotation>
		<image>flickr</image>
		<flickrid>341012865</flickrid>
	</source>
	<owner>
		<flickrid>Fried Camels</flickrid>
		<name>Jinky the Fruit Bat</name>
	</owner>
	<size>
		<width>1846</width>
		<height>1846</height>
		<depth>3</depth>
	</size>
	<segmented>0</segmented>
	<object>
		<name>177</name>
		<pose>Left</pose>
		<truncated>1</truncated>
		<difficult>0</difficult>
		<bndbox>
			<xmin>252.05</xmin>
			<ymin>100.06</ymin>
			<xmax>710.86</xmax>
			<ymax>461.6</ymax>
		</bndbox>
	</object>
	<object>
		<name>7</name>
		<pose>Left</pose>
		<truncated>1</truncated>
		<difficult>0</difficult>
		<bndbox>
			<xmin>202.5</xmin>
			<ymin>377.18</ymin>
			<xmax>846.67</xmax>
			<ymax>929.59</ymax>
		</bndbox>
	</object>
	<object>
		<name>9</name>
		<pose>Left</pose>
		<truncated>1</truncated>
		<difficult>0</difficult>
		<bndbox>
			<xmin>279.58</xmin>
			<ymin>909.4</ymin>
			<xmax>753.07</xmax>
			<ymax>1465.48</ymax>
		</bndbox>
	</object>
	<object>
		<name>7</name>
		<pose>Left</pose>
		<truncated>1</truncated>
		<difficult>0</difficult>
		<bndbox>
			<xmin>584.23</xmin>
			<ymin>1089.25</ymin>
			<xmax>1011.84</xmax>
			<ymax>1641.66</ymax>
		</bndbox>
	</object>
	<object>
		<name>9</name>
		<pose>Left</pose>
		<truncated>1</truncated>
		<difficult>0</difficult>
		<bndbox>
			<xmin>630.11</xmin>
			<ymin>711.19</ymin>
			<xmax>1149.48</xmax>
			<ymax>1136.97</ymax>
		</bndbox>
	</object>
	<object>
		<name>9</name>
		<pose>Left</pose>
		<truncated>1</truncated>
		<difficult>0</difficult>
		<bndbox>
			<xmin>934.76</xmin>
			<ymin>986.48</ymin>
			<xmax>1362.37</xmax>
			<ymax>1518.7</ymax>
		</bndbox>
	</object>
	<object>
		<name>177</name>
		<pose>Left</pose>
		<truncated>1</truncated>
		<difficult>0</difficult>
		<bndbox>
			<xmin>888.88</xmin>
			<ymin>459.77</ymin>
			<xmax>1327.5</xmax>
			<ymax>757.08</ymax>
		</bndbox>
	</object>
	<object>
		<name>45</name>
		<pose>Left</pose>
		<truncated>1</truncated>
		<difficult>0</difficult>
		<bndbox>
			<xmin>1153.16</xmin>
			<ymin>711.19</ymin>
			<xmax>1435.79</xmax>
			<ymax>980.97</ymax>
		</bndbox>
	</object>
	<object>
		<name>139</name>
		<pose>Left</pose>
		<truncated>1</truncated>
		<difficult>0</difficult>
		<bndbox>
			<xmin>1333.01</xmin>
			<ymin>1190.19</ymin>
			<xmax>1558.74</xmax>
			<ymax>1463.64</ymax>
		</bndbox>
	</object>
	<object>
		<name>137</name>
		<pose>Left</pose>
		<truncated>1</truncated>
		<difficult>0</difficult>
		<bndbox>
			<xmin>1352.32</xmin>
			<ymin>674.6</ymin>
			<xmax>1571.91</xmax>
			<ymax>887.25</ymax>
		</bndbox>
	</object>
	<object>
		<name>158</name>
		<pose>Left</pose>
		<truncated>1</truncated>
		<difficult>0</difficult>
		<bndbox>
			<xmin>1249.47</xmin>
			<ymin>911.52</ymin>
			<xmax>1574.23</xmax>
			<ymax>1120.71</ymax>
		</bndbox>
	</object>
	<object>
		<name>129</name>
		<pose>Left</pose>
		<truncated>1</truncated>
		<difficult>0</difficult>
		<bndbox>
			<xmin>1280.67</xmin>
			<ymin>1114.93</ymin>
			<xmax>1671.3</xmax>
			<ymax>1210.85</ymax>
		</bndbox>
	</object>
	<object>
		<name>131</name>
		<pose>Left</pose>
		<truncated>1</truncated>
		<difficult>0</difficult>
		<bndbox>
			<xmin>1277.2</xmin>
			<ymin>323.25</ymin>
			<xmax>1406.64</xmax>
			<ymax>675.75</ymax>
		</bndbox>
	</object>
	<object>
		<name>131</name>
		<pose>Left</pose>
		<truncated>1</truncated>
		<difficult>0</difficult>
		<bndbox>
			<xmin>1435.54</xmin>
			<ymin>272.41</ymin>
			<xmax>1556.89</xmax>
			<ymax>631.84</ymax>
		</bndbox>
	</object>
	<object>
		<name>69</name>
		<pose>Left</pose>
		<truncated>1</truncated>
		<difficult>0</difficult>
		<bndbox>
			<xmin>1107.31</xmin>
			<ymin>255.07</ymin>
			<xmax>1331.52</xmax>
			<ymax>509.33</ymax>
		</bndbox>
	</object>
	<object>
		<name>69</name>
		<pose>Left</pose>
		<truncated>1</truncated>
		<difficult>0</difficult>
		<bndbox>
			<xmin>878.48</xmin>
			<ymin>277.03</ymin>
			<xmax>1138.52</xmax>
			<ymax>502.4</ymax>
		</bndbox>
	</object>
	<object>
		<name>69</name>
		<pose>Left</pose>
		<truncated>1</truncated>
		<difficult>0</difficult>
		<bndbox>
			<xmin>675.07</xmin>
			<ymin>300.15</ymin>
			<xmax>921.24</xmax>
			<ymax>510.49</ymax>
		</bndbox>
	</object>
</annotation>
