<?xml version="1.0" encoding="utf-8"?>
<annotation>
	<folder>VOC2007</folder>
	<filename>000045.jpg</filename>
	<source>
		<database>The VOC2007 Database</database>
		<annotation>PASCAL VOC2007</annotation>
		<image>flickr</image>
		<flickrid>341012865</flickrid>
	</source>
	<owner>
		<flickrid>Fried Camels</flickrid>
		<name>Jinky the Fruit Bat</name>
	</owner>
	<size>
		<width>1841</width>
		<height>1841</height>
		<depth>3</depth>
	</size>
	<segmented>0</segmented>
	<object>
		<name>18</name>
		<pose>Left</pose>
		<truncated>1</truncated>
		<difficult>0</difficult>
		<bndbox>
			<xmin>104.76</xmin>
			<ymin>725.6</ymin>
			<xmax>885.28</xmax>
			<ymax>1376.74</ymax>
		</bndbox>
	</object>
	<object>
		<name>191</name>
		<pose>Left</pose>
		<truncated>1</truncated>
		<difficult>0</difficult>
		<bndbox>
			<xmin>539.86</xmin>
			<ymin>635.24</ymin>
			<xmax>751.78</xmax>
			<ymax>789.51</ymax>
		</bndbox>
	</object>
	<object>
		<name>191</name>
		<pose>Left</pose>
		<truncated>1</truncated>
		<difficult>0</difficult>
		<bndbox>
			<xmin>658.28</xmin>
			<ymin>1046.62</ymin>
			<xmax>887.34</xmax>
			<ymax>1281.92</ymax>
		</bndbox>
	</object>
	<object>
		<name>24</name>
		<pose>Left</pose>
		<truncated>1</truncated>
		<difficult>0</difficult>
		<bndbox>
			<xmin>206.39</xmin>
			<ymin>328.27</ymin>
			<xmax>842.16</xmax>
			<ymax>826.91</ymax>
		</bndbox>
	</object>
	<object>
		<name>18</name>
		<pose>Left</pose>
		<truncated>1</truncated>
		<difficult>0</difficult>
		<bndbox>
			<xmin>236.0</xmin>
			<ymin>60.25</ymin>
			<xmax>899.82</xmax>
			<ymax>544.87</ymax>
		</bndbox>
	</object>
	<object>
		<name>200</name>
		<pose>Left</pose>
		<truncated>1</truncated>
		<difficult>0</difficult>
		<bndbox>
			<xmin>826.58</xmin>
			<ymin>135.04</ymin>
			<xmax>1079.02</xmax>
			<ymax>244.12</ymax>
		</bndbox>
	</object>
	<object>
		<name>144</name>
		<pose>Left</pose>
		<truncated>1</truncated>
		<difficult>0</difficult>
		<bndbox>
			<xmin>985.52</xmin>
			<ymin>297.1</ymin>
			<xmax>1228.61</xmax>
			<ymax>448.25</ymax>
		</bndbox>
	</object>
	<object>
		<name>196</name>
		<pose>Left</pose>
		<truncated>1</truncated>
		<difficult>0</difficult>
		<bndbox>
			<xmin>828.14</xmin>
			<ymin>234.77</ymin>
			<xmax>1248.87</xmax>
			<ymax>519.93</ymax>
		</bndbox>
	</object>
	<object>
		<name>196</name>
		<pose>Left</pose>
		<truncated>1</truncated>
		<difficult>0</difficult>
		<bndbox>
			<xmin>809.44</xmin>
			<ymin>415.53</ymin>
			<xmax>1253.54</xmax>
			<ymax>699.13</ymax>
		</bndbox>
	</object>
	<object>
		<name>196</name>
		<pose>Left</pose>
		<truncated>1</truncated>
		<difficult>0</difficult>
		<bndbox>
			<xmin>1261.08</xmin>
			<ymin>527.48</ymin>
			<xmax>1652.62</xmax>
			<ymax>1079.3</ymax>
		</bndbox>
	</object>
	<object>
		<name>144</name>
		<pose>Left</pose>
		<truncated>1</truncated>
		<difficult>0</difficult>
		<bndbox>
			<xmin>1223.3</xmin>
			<ymin>334.01</ymin>
			<xmax>1377.85</xmax>
			<ymax>559.54</ymax>
		</bndbox>
	</object>
	<object>
		<name>200</name>
		<pose>Left</pose>
		<truncated>1</truncated>
		<difficult>0</difficult>
		<bndbox>
			<xmin>1271.38</xmin>
			<ymin>247.0</ymin>
			<xmax>1425.93</xmax>
			<ymax>492.0</ymax>
		</bndbox>
	</object>
	<object>
		<name>200</name>
		<pose>Left</pose>
		<truncated>1</truncated>
		<difficult>0</difficult>
		<bndbox>
			<xmin>1453.41</xmin>
			<ymin>434.75</ymin>
			<xmax>1564.46</xmax>
			<ymax>686.62</ymax>
		</bndbox>
	</object>
	<object>
		<name>127</name>
		<pose>Left</pose>
		<truncated>1</truncated>
		<difficult>0</difficult>
		<bndbox>
			<xmin>1464.37</xmin>
			<ymin>1177.43</ymin>
			<xmax>1719.02</xmax>
			<ymax>1576.33</ymax>
		</bndbox>
	</object>
	<object>
		<name>191</name>
		<pose>Left</pose>
		<truncated>1</truncated>
		<difficult>0</difficult>
		<bndbox>
			<xmin>1315.7</xmin>
			<ymin>1480.66</ymin>
			<xmax>1533.55</xmax>
			<ymax>1719.11</ymax>
		</bndbox>
	</object>
	<object>
		<name>18</name>
		<pose>Left</pose>
		<truncated>1</truncated>
		<difficult>0</difficult>
		<bndbox>
			<xmin>779.92</xmin>
			<ymin>1380.56</ymin>
			<xmax>1333.37</xmax>
			<ymax>1786.82</ymax>
		</bndbox>
	</object>
	<object>
		<name>20</name>
		<pose>Left</pose>
		<truncated>1</truncated>
		<difficult>0</difficult>
		<bndbox>
			<xmin>987.46</xmin>
			<ymin>1112.67</ymin>
			<xmax>1480.56</xmax>
			<ymax>1408.53</ymax>
		</bndbox>
	</object>
	<object>
		<name>24</name>
		<pose>Left</pose>
		<truncated>1</truncated>
		<difficult>0</difficult>
		<bndbox>
			<xmin>734.29</xmin>
			<ymin>585.71</ymin>
			<xmax>1489.4</xmax>
			<ymax>1253.97</ymax>
		</bndbox>
	</object>
	<object>
		<name>24</name>
		<pose>Left</pose>
		<truncated>1</truncated>
		<difficult>0</difficult>
		<bndbox>
			<xmin>434.01</xmin>
			<ymin>1161.24</ymin>
			<xmax>1171.45</xmax>
			<ymax>1742.66</ymax>
		</bndbox>
	</object>
</annotation>
