<?xml version="1.0" encoding="utf-8"?>
<annotation>
	<folder>VOC2007</folder>
	<filename>000042.jpg</filename>
	<source>
		<database>The VOC2007 Database</database>
		<annotation>PASCAL VOC2007</annotation>
		<image>flickr</image>
		<flickrid>341012865</flickrid>
	</source>
	<owner>
		<flickrid>Fried Camels</flickrid>
		<name>Jinky the Fruit Bat</name>
	</owner>
	<size>
		<width>1804</width>
		<height>1804</height>
		<depth>3</depth>
	</size>
	<segmented>0</segmented>
	<object>
		<name>6</name>
		<pose>Left</pose>
		<truncated>1</truncated>
		<difficult>0</difficult>
		<bndbox>
			<xmin>163.12</xmin>
			<ymin>1085.44</ymin>
			<xmax>831.12</xmax>
			<ymax>1765.29</ymax>
		</bndbox>
	</object>
	<object>
		<name>125</name>
		<pose>Left</pose>
		<truncated>1</truncated>
		<difficult>0</difficult>
		<bndbox>
			<xmin>427.0</xmin>
			<ymin>647.95</ymin>
			<xmax>640.6</xmax>
			<ymax>998.66</ymax>
		</bndbox>
	</object>
	<object>
		<name>65</name>
		<pose>Left</pose>
		<truncated>1</truncated>
		<difficult>0</difficult>
		<bndbox>
			<xmin>408.25</xmin>
			<ymin>248.3</ymin>
			<xmax>670.41</xmax>
			<ymax>608.53</ymax>
		</bndbox>
	</object>
	<object>
		<name>125</name>
		<pose>Left</pose>
		<truncated>1</truncated>
		<difficult>0</difficult>
		<bndbox>
			<xmin>645.17</xmin>
			<ymin>289.08</ymin>
			<xmax>838.39</xmax>
			<ymax>631.83</ymax>
		</bndbox>
	</object>
	<object>
		<name>35</name>
		<pose>Left</pose>
		<truncated>1</truncated>
		<difficult>0</difficult>
		<bndbox>
			<xmin>616.04</xmin>
			<ymin>1045.47</ymin>
			<xmax>879.17</xmax>
			<ymax>1307.63</ymax>
		</bndbox>
	</object>
	<object>
		<name>35</name>
		<pose>Left</pose>
		<truncated>1</truncated>
		<difficult>0</difficult>
		<bndbox>
			<xmin>812.19</xmin>
			<ymin>1417.16</ymin>
			<xmax>1050.4</xmax>
			<ymax>1642.0</ymax>
		</bndbox>
	</object>
	<object>
		<name>194</name>
		<pose>Left</pose>
		<truncated>1</truncated>
		<difficult>0</difficult>
		<bndbox>
			<xmin>781.87</xmin>
			<ymin>908.17</ymin>
			<xmax>1333.76</xmax>
			<ymax>1349.88</ymax>
		</bndbox>
	</object>
	<object>
		<name>124</name>
		<pose>Left</pose>
		<truncated>1</truncated>
		<difficult>0</difficult>
		<bndbox>
			<xmin>724.52</xmin>
			<ymin>508.59</ymin>
			<xmax>1074.93</xmax>
			<ymax>766.38</ymax>
		</bndbox>
	</object>
	<object>
		<name>124</name>
		<pose>Left</pose>
		<truncated>1</truncated>
		<difficult>0</difficult>
		<bndbox>
			<xmin>889.7</xmin>
			<ymin>638.44</ymin>
			<xmax>1046.29</xmax>
			<ymax>982.16</ymax>
		</bndbox>
	</object>
	<object>
		<name>124</name>
		<pose>Left</pose>
		<truncated>1</truncated>
		<difficult>0</difficult>
		<bndbox>
			<xmin>859.15</xmin>
			<ymin>375.87</ymin>
			<xmax>1218.15</xmax>
			<ymax>538.18</ymax>
		</bndbox>
	</object>
	<object>
		<name>65</name>
		<pose>Left</pose>
		<truncated>1</truncated>
		<difficult>0</difficult>
		<bndbox>
			<xmin>1293.69</xmin>
			<ymin>757.71</ymin>
			<xmax>1638.22</xmax>
			<ymax>1187.92</ymax>
		</bndbox>
	</object>
	<object>
		<name>65</name>
		<pose>Left</pose>
		<truncated>1</truncated>
		<difficult>0</difficult>
		<bndbox>
			<xmin>1279.26</xmin>
			<ymin>295.04</ymin>
			<xmax>1705.86</xmax>
			<ymax>733.36</ymax>
		</bndbox>
	</object>
	<object>
		<name>31</name>
		<pose>Left</pose>
		<truncated>1</truncated>
		<difficult>0</difficult>
		<bndbox>
			<xmin>1101.55</xmin>
			<ymin>1217.27</ymin>
			<xmax>1517.51</xmax>
			<ymax>1448.36</ymax>
		</bndbox>
	</object>
</annotation>
