<?xml version="1.0" encoding="utf-8"?>
<annotation>
	<folder>VOC2007</folder>
	<filename>000044.jpg</filename>
	<source>
		<database>The VOC2007 Database</database>
		<annotation>PASCAL VOC2007</annotation>
		<image>flickr</image>
		<flickrid>341012865</flickrid>
	</source>
	<owner>
		<flickrid>Fried Camels</flickrid>
		<name>Jinky the Fruit Bat</name>
	</owner>
	<size>
		<width>1855</width>
		<height>1855</height>
		<depth>3</depth>
	</size>
	<segmented>0</segmented>
	<object>
		<name>22</name>
		<pose>Left</pose>
		<truncated>1</truncated>
		<difficult>0</difficult>
		<bndbox>
			<xmin>111.26</xmin>
			<ymin>29.68</ymin>
			<xmax>974.58</xmax>
			<ymax>646.34</ymax>
		</bndbox>
	</object>
	<object>
		<name>22</name>
		<pose>Left</pose>
		<truncated>1</truncated>
		<difficult>0</difficult>
		<bndbox>
			<xmin>800.91</xmin>
			<ymin>560.77</ymin>
			<xmax>1734.7</xmax>
			<ymax>1388.85</ymax>
		</bndbox>
	</object>
	<object>
		<name>159</name>
		<pose>Left</pose>
		<truncated>1</truncated>
		<difficult>0</difficult>
		<bndbox>
			<xmin>1090.36</xmin>
			<ymin>278.86</ymin>
			<xmax>1561.03</xmax>
			<ymax>726.88</ymax>
		</bndbox>
	</object>
	<object>
		<name>159</name>
		<pose>Left</pose>
		<truncated>1</truncated>
		<difficult>0</difficult>
		<bndbox>
			<xmin>1032.47</xmin>
			<ymin>1358.64</ymin>
			<xmax>1533.35</xmax>
			<ymax>1839.38</ymax>
		</bndbox>
	</object>
	<object>
		<name>159</name>
		<pose>Left</pose>
		<truncated>1</truncated>
		<difficult>0</difficult>
		<bndbox>
			<xmin>274.87</xmin>
			<ymin>948.37</ymin>
			<xmax>672.55</xmax>
			<ymax>1406.46</ymax>
		</bndbox>
	</object>
	<object>
		<name>58</name>
		<pose>Left</pose>
		<truncated>1</truncated>
		<difficult>0</difficult>
		<bndbox>
			<xmin>1533.35</xmin>
			<ymin>241.11</ymin>
			<xmax>1825.32</xmax>
			<ymax>648.86</ymax>
		</bndbox>
	</object>
	<object>
		<name>58</name>
		<pose>Left</pose>
		<truncated>1</truncated>
		<difficult>0</difficult>
		<bndbox>
			<xmin>536.63</xmin>
			<ymin>749.54</ymin>
			<xmax>924.24</xmax>
			<ymax>971.03</ymax>
		</bndbox>
	</object>
	<object>
		<name>58</name>
		<pose>Left</pose>
		<truncated>1</truncated>
		<difficult>0</difficult>
		<bndbox>
			<xmin>498.88</xmin>
			<ymin>882.94</ymin>
			<xmax>838.67</xmax>
			<ymax>1104.43</ymax>
		</bndbox>
	</object>
	<object>
		<name>160</name>
		<pose>Left</pose>
		<truncated>1</truncated>
		<difficult>0</difficult>
		<bndbox>
			<xmin>440.99</xmin>
			<ymin>1449.25</ymin>
			<xmax>1107.98</xmax>
			<ymax>1746.25</ymax>
		</bndbox>
	</object>
	<object>
		<name>160</name>
		<pose>Left</pose>
		<truncated>1</truncated>
		<difficult>0</difficult>
		<bndbox>
			<xmin>670.03</xmin>
			<ymin>1096.88</ymin>
			<xmax>1337.02</xmax>
			<ymax>1416.53</ymax>
		</bndbox>
	</object>
</annotation>
