<?xml version="1.0" encoding="utf-8"?>
<annotation>
	<folder>VOC2007</folder>
	<filename>000036.jpg</filename>
	<source>
		<database>The VOC2007 Database</database>
		<annotation>PASCAL VOC2007</annotation>
		<image>flickr</image>
		<flickrid>341012865</flickrid>
	</source>
	<owner>
		<flickrid>Fried Camels</flickrid>
		<name>Jinky the Fruit Bat</name>
	</owner>
	<size>
		<width>1800</width>
		<height>1800</height>
		<depth>3</depth>
	</size>
	<segmented>0</segmented>
	<object>
		<name>79</name>
		<pose>Left</pose>
		<truncated>1</truncated>
		<difficult>0</difficult>
		<bndbox>
			<xmin>540.57</xmin>
			<ymin>618.2</ymin>
			<xmax>1171.1</xmax>
			<ymax>888.79</ymax>
		</bndbox>
	</object>
	<object>
		<name>126</name>
		<pose>Left</pose>
		<truncated>1</truncated>
		<difficult>0</difficult>
		<bndbox>
			<xmin>926.95</xmin>
			<ymin>350.57</ymin>
			<xmax>1236.55</xmax>
			<ymax>543.67</ymax>
		</bndbox>
	</object>
	<object>
		<name>126</name>
		<pose>Left</pose>
		<truncated>1</truncated>
		<difficult>0</difficult>
		<bndbox>
			<xmin>1139.46</xmin>
			<ymin>368.92</ymin>
			<xmax>1374.63</xmax>
			<ymax>710.88</ymax>
		</bndbox>
	</object>
	<object>
		<name>126</name>
		<pose>Left</pose>
		<truncated>1</truncated>
		<difficult>0</difficult>
		<bndbox>
			<xmin>1040.22</xmin>
			<ymin>629.98</ymin>
			<xmax>1409.15</xmax>
			<ymax>905.06</ymax>
		</bndbox>
	</object>
	<object>
		<name>66</name>
		<pose>Left</pose>
		<truncated>1</truncated>
		<difficult>0</difficult>
		<bndbox>
			<xmin>843.38</xmin>
			<ymin>801.06</ymin>
			<xmax>1387.46</xmax>
			<ymax>1168.27</ymax>
		</bndbox>
	</object>
</annotation>
