<?xml version="1.0" encoding="utf-8"?>
<annotation>
	<folder>VOC2007</folder>
	<filename>000055.jpg</filename>
	<source>
		<database>The VOC2007 Database</database>
		<annotation>PASCAL VOC2007</annotation>
		<image>flickr</image>
		<flickrid>341012865</flickrid>
	</source>
	<owner>
		<flickrid>Fried Camels</flickrid>
		<name>Jinky the Fruit Bat</name>
	</owner>
	<size>
		<width>1835</width>
		<height>1835</height>
		<depth>3</depth>
	</size>
	<segmented>0</segmented>
	<object>
		<name>184</name>
		<pose>Left</pose>
		<truncated>1</truncated>
		<difficult>0</difficult>
		<bndbox>
			<xmin>147.78</xmin>
			<ymin>1243.15</ymin>
			<xmax>569.63</xmax>
			<ymax>1564.06</ymax>
		</bndbox>
	</object>
	<object>
		<name>184</name>
		<pose>Left</pose>
		<truncated>1</truncated>
		<difficult>0</difficult>
		<bndbox>
			<xmin>864.23</xmin>
			<ymin>475.37</ymin>
			<xmax>1147.69</xmax>
			<ymax>855.62</ymax>
		</bndbox>
	</object>
	<object>
		<name>186</name>
		<pose>Left</pose>
		<truncated>1</truncated>
		<difficult>0</difficult>
		<bndbox>
			<xmin>237.07</xmin>
			<ymin>990.43</ymin>
			<xmax>707.82</xmax>
			<ymax>1315.09</ymax>
		</bndbox>
	</object>
	<object>
		<name>186</name>
		<pose>Left</pose>
		<truncated>1</truncated>
		<difficult>0</difficult>
		<bndbox>
			<xmin>220.83</xmin>
			<ymin>724.46</ymin>
			<xmax>674.1</xmax>
			<ymax>1035.38</ymax>
		</bndbox>
	</object>
	<object>
		<name>186</name>
		<pose>Left</pose>
		<truncated>1</truncated>
		<difficult>0</difficult>
		<bndbox>
			<xmin>1410.15</xmin>
			<ymin>970.26</ymin>
			<xmax>1791.2</xmax>
			<ymax>1434.87</ymax>
		</bndbox>
	</object>
	<object>
		<name>21</name>
		<pose>Left</pose>
		<truncated>1</truncated>
		<difficult>0</difficult>
		<bndbox>
			<xmin>259.06</xmin>
			<ymin>216.68</ymin>
			<xmax>739.4</xmax>
			<ymax>766.05</ymax>
		</bndbox>
	</object>
	<object>
		<name>21</name>
		<pose>Left</pose>
		<truncated>1</truncated>
		<difficult>0</difficult>
		<bndbox>
			<xmin>518.66</xmin>
			<ymin>1354.41</ymin>
			<xmax>1087.62</xmax>
			<ymax>1772.33</ymax>
		</bndbox>
	</object>
	<object>
		<name>21</name>
		<pose>Left</pose>
		<truncated>1</truncated>
		<difficult>0</difficult>
		<bndbox>
			<xmin>581.19</xmin>
			<ymin>1028.57</ymin>
			<xmax>1140.51</xmax>
			<ymax>1420.72</ymax>
		</bndbox>
	</object>
	<object>
		<name>115</name>
		<pose>Left</pose>
		<truncated>1</truncated>
		<difficult>0</difficult>
		<bndbox>
			<xmin>666.87</xmin>
			<ymin>868.53</ymin>
			<xmax>958.65</xmax>
			<ymax>1092.27</ymax>
		</bndbox>
	</object>
	<object>
		<name>115</name>
		<pose>Left</pose>
		<truncated>1</truncated>
		<difficult>0</difficult>
		<bndbox>
			<xmin>933.17</xmin>
			<ymin>868.68</ymin>
			<xmax>1243.19</xmax>
			<ymax>1067.67</ymax>
		</bndbox>
	</object>
	<object>
		<name>148</name>
		<pose>Left</pose>
		<truncated>1</truncated>
		<difficult>0</difficult>
		<bndbox>
			<xmin>646.47</xmin>
			<ymin>744.05</ymin>
			<xmax>896.93</xmax>
			<ymax>941.33</ymax>
		</bndbox>
	</object>
	<object>
		<name>148</name>
		<pose>Left</pose>
		<truncated>1</truncated>
		<difficult>0</difficult>
		<bndbox>
			<xmin>724.39</xmin>
			<ymin>427.2</ymin>
			<xmax>884.14</xmax>
			<ymax>660.68</ymax>
		</bndbox>
	</object>
	<object>
		<name>155</name>
		<pose>Left</pose>
		<truncated>1</truncated>
		<difficult>0</difficult>
		<bndbox>
			<xmin>643.34</xmin>
			<ymin>57.86</ymin>
			<xmax>1073.5</xmax>
			<ymax>415.9</ymax>
		</bndbox>
	</object>
	<object>
		<name>155</name>
		<pose>Left</pose>
		<truncated>1</truncated>
		<difficult>0</difficult>
		<bndbox>
			<xmin>1132.09</xmin>
			<ymin>635.33</ymin>
			<xmax>1530.05</xmax>
			<ymax>961.59</ymax>
		</bndbox>
	</object>
	<object>
		<name>155</name>
		<pose>Left</pose>
		<truncated>1</truncated>
		<difficult>0</difficult>
		<bndbox>
			<xmin>1105.8</xmin>
			<ymin>355.68</ymin>
			<xmax>1514.52</xmax>
			<ymax>666.4</ymax>
		</bndbox>
	</object>
	<object>
		<name>195</name>
		<pose>Left</pose>
		<truncated>1</truncated>
		<difficult>0</difficult>
		<bndbox>
			<xmin>997.48</xmin>
			<ymin>1047.97</ymin>
			<xmax>1224.29</xmax>
			<ymax>1212.49</ymax>
		</bndbox>
	</object>
	<object>
		<name>195</name>
		<pose>Left</pose>
		<truncated>1</truncated>
		<difficult>0</difficult>
		<bndbox>
			<xmin>1209.01</xmin>
			<ymin>1114.95</ymin>
			<xmax>1370.01</xmax>
			<ymax>1342.93</ymax>
		</bndbox>
	</object>
	<object>
		<name>86</name>
		<pose>Left</pose>
		<truncated>1</truncated>
		<difficult>0</difficult>
		<bndbox>
			<xmin>1495.86</xmin>
			<ymin>491.86</ymin>
			<xmax>1743.92</xmax>
			<ymax>862.61</ymax>
		</bndbox>
	</object>
</annotation>
