<?xml version="1.0" encoding="utf-8"?>
<annotation>
	<folder>VOC2007</folder>
	<filename>000008.jpg</filename>
	<source>
		<database>The VOC2007 Database</database>
		<annotation>PASCAL VOC2007</annotation>
		<image>flickr</image>
		<flickrid>341012865</flickrid>
	</source>
	<owner>
		<flickrid>Fried Camels</flickrid>
		<name>Jinky the Fruit Bat</name>
	</owner>
	<size>
		<width>1805</width>
		<height>1805</height>
		<depth>3</depth>
	</size>
	<segmented>0</segmented>
	<object>
		<name>44</name>
		<pose>Left</pose>
		<truncated>1</truncated>
		<difficult>0</difficult>
		<bndbox>
			<xmin>528.6</xmin>
			<ymin>202.95</ymin>
			<xmax>968.84</xmax>
			<ymax>597.55</ymax>
		</bndbox>
	</object>
	<object>
		<name>44</name>
		<pose>Left</pose>
		<truncated>1</truncated>
		<difficult>0</difficult>
		<bndbox>
			<xmin>164.92</xmin>
			<ymin>722.7</ymin>
			<xmax>605.16</xmax>
			<ymax>1177.67</ymax>
		</bndbox>
	</object>
	<object>
		<name>153</name>
		<pose>Left</pose>
		<truncated>1</truncated>
		<difficult>0</difficult>
		<bndbox>
			<xmin>605.17</xmin>
			<ymin>1162.95</ymin>
			<xmax>987.99</xmax>
			<ymax>1511.9</ymax>
		</bndbox>
	</object>
	<object>
		<name>44</name>
		<pose>Left</pose>
		<truncated>1</truncated>
		<difficult>0</difficult>
		<bndbox>
			<xmin>936.45</xmin>
			<ymin>629.94</ymin>
			<xmax>1456.2</xmax>
			<ymax>1064.29</ymax>
		</bndbox>
	</object>
	<object>
		<name>189</name>
		<pose>Left</pose>
		<truncated>1</truncated>
		<difficult>0</difficult>
		<bndbox>
			<xmin>1012.59</xmin>
			<ymin>395.31</ymin>
			<xmax>1222.09</xmax>
			<ymax>618.69</ymax>
		</bndbox>
	</object>
	<object>
		<name>165</name>
		<pose>Left</pose>
		<truncated>1</truncated>
		<difficult>0</difficult>
		<bndbox>
			<xmin>493.41</xmin>
			<ymin>540.41</ymin>
			<xmax>814.35</xmax>
			<ymax>732.97</ymax>
		</bndbox>
	</object>
	<object>
		<name>51</name>
		<pose>Left</pose>
		<truncated>1</truncated>
		<difficult>0</difficult>
		<bndbox>
			<xmin>533.95</xmin>
			<ymin>671.04</ymin>
			<xmax>1011.41</xmax>
			<ymax>1140.62</ymax>
		</bndbox>
	</object>
	<object>
		<name>165</name>
		<pose>Left</pose>
		<truncated>1</truncated>
		<difficult>0</difficult>
		<bndbox>
			<xmin>369.93</xmin>
			<ymin>1039.79</ymin>
			<xmax>681.27</xmax>
			<ymax>1283.95</ymax>
		</bndbox>
	</object>
</annotation>
