<?xml version="1.0" encoding="utf-8"?>
<annotation>
	<folder>VOC2007</folder>
	<filename>000018.jpg</filename>
	<source>
		<database>The VOC2007 Database</database>
		<annotation>PASCAL VOC2007</annotation>
		<image>flickr</image>
		<flickrid>341012865</flickrid>
	</source>
	<owner>
		<flickrid>Fried Camels</flickrid>
		<name>Jinky the Fruit Bat</name>
	</owner>
	<size>
		<width>1817</width>
		<height>1817</height>
		<depth>3</depth>
	</size>
	<segmented>0</segmented>
	<object>
		<name>51</name>
		<pose>Left</pose>
		<truncated>1</truncated>
		<difficult>0</difficult>
		<bndbox>
			<xmin>482.82</xmin>
			<ymin>819.13</ymin>
			<xmax>885.8</xmax>
			<ymax>1310.18</ymax>
		</bndbox>
	</object>
	<object>
		<name>51</name>
		<pose>Left</pose>
		<truncated>1</truncated>
		<difficult>0</difficult>
		<bndbox>
			<xmin>517.51</xmin>
			<ymin>484.19</ymin>
			<xmax>1035.25</xmax>
			<ymax>957.9</ymax>
		</bndbox>
	</object>
	<object>
		<name>51</name>
		<pose>Left</pose>
		<truncated>1</truncated>
		<difficult>0</difficult>
		<bndbox>
			<xmin>877.8</xmin>
			<ymin>687.02</ymin>
			<xmax>1299.47</xmax>
			<ymax>1138.04</ymax>
		</bndbox>
	</object>
	<object>
		<name>165</name>
		<pose>Left</pose>
		<truncated>1</truncated>
		<difficult>0</difficult>
		<bndbox>
			<xmin>857.78</xmin>
			<ymin>485.53</ymin>
			<xmax>1160.69</xmax>
			<ymax>744.4</ymax>
		</bndbox>
	</object>
	<object>
		<name>200</name>
		<pose>Left</pose>
		<truncated>1</truncated>
		<difficult>0</difficult>
		<bndbox>
			<xmin>907.15</xmin>
			<ymin>402.79</ymin>
			<xmax>1136.66</xmax>
			<ymax>602.95</ymax>
		</bndbox>
	</object>
	<object>
		<name>153</name>
		<pose>Left</pose>
		<truncated>1</truncated>
		<difficult>0</difficult>
		<bndbox>
			<xmin>771.24</xmin>
			<ymin>989.92</ymin>
			<xmax>1164.12</xmax>
			<ymax>1396.53</ymax>
		</bndbox>
	</object>
	<object>
		<name>153</name>
		<pose>Left</pose>
		<truncated>1</truncated>
		<difficult>0</difficult>
		<bndbox>
			<xmin>1146.96</xmin>
			<ymin>953.9</ymin>
			<xmax>1527.83</xmax>
			<ymax>1338.2</ymax>
		</bndbox>
	</object>
	<object>
		<name>8</name>
		<pose>Left</pose>
		<truncated>1</truncated>
		<difficult>0</difficult>
		<bndbox>
			<xmin>1107.5</xmin>
			<ymin>319.11</ymin>
			<xmax>1689.1</xmax>
			<ymax>952.18</ymax>
		</bndbox>
	</object>
</annotation>
