<?xml version="1.0" encoding="utf-8"?>
<annotation>
	<folder>VOC2007</folder>
	<filename>000035.jpg</filename>
	<source>
		<database>The VOC2007 Database</database>
		<annotation>PASCAL VOC2007</annotation>
		<image>flickr</image>
		<flickrid>341012865</flickrid>
	</source>
	<owner>
		<flickrid>Fried Camels</flickrid>
		<name>Jinky the Fruit Bat</name>
	</owner>
	<size>
		<width>1838</width>
		<height>1838</height>
		<depth>3</depth>
	</size>
	<segmented>0</segmented>
	<object>
		<name>55</name>
		<pose>Left</pose>
		<truncated>1</truncated>
		<difficult>0</difficult>
		<bndbox>
			<xmin>167.19</xmin>
			<ymin>1196.49</ymin>
			<xmax>612.94</xmax>
			<ymax>1685.69</ymax>
		</bndbox>
	</object>
	<object>
		<name>55</name>
		<pose>Left</pose>
		<truncated>1</truncated>
		<difficult>0</difficult>
		<bndbox>
			<xmin>419.68</xmin>
			<ymin>75.94</ymin>
			<xmax>849.73</xmax>
			<ymax>397.1</ymax>
		</bndbox>
	</object>
	<object>
		<name>34</name>
		<pose>Left</pose>
		<truncated>1</truncated>
		<difficult>0</difficult>
		<bndbox>
			<xmin>268.18</xmin>
			<ymin>894.49</ymin>
			<xmax>616.42</xmax>
			<ymax>1252.97</ymax>
		</bndbox>
	</object>
	<object>
		<name>65</name>
		<pose>Left</pose>
		<truncated>1</truncated>
		<difficult>0</difficult>
		<bndbox>
			<xmin>236.37</xmin>
			<ymin>506.97</ymin>
			<xmax>696.1</xmax>
			<ymax>903.54</ymax>
		</bndbox>
	</object>
	<object>
		<name>65</name>
		<pose>Left</pose>
		<truncated>1</truncated>
		<difficult>0</difficult>
		<bndbox>
			<xmin>967.22</xmin>
			<ymin>343.53</ymin>
			<xmax>1364.32</xmax>
			<ymax>604.99</ymax>
		</bndbox>
	</object>
	<object>
		<name>66</name>
		<pose>Left</pose>
		<truncated>1</truncated>
		<difficult>0</difficult>
		<bndbox>
			<xmin>142.8</xmin>
			<ymin>174.02</ymin>
			<xmax>642.58</xmax>
			<ymax>621.81</ymax>
		</bndbox>
	</object>
	<object>
		<name>66</name>
		<pose>Left</pose>
		<truncated>1</truncated>
		<difficult>0</difficult>
		<bndbox>
			<xmin>630.78</xmin>
			<ymin>375.85</ymin>
			<xmax>1141.11</xmax>
			<ymax>862.99</ymax>
		</bndbox>
	</object>
	<object>
		<name>101</name>
		<pose>Left</pose>
		<truncated>1</truncated>
		<difficult>0</difficult>
		<bndbox>
			<xmin>600.07</xmin>
			<ymin>690.24</ymin>
			<xmax>948.49</xmax>
			<ymax>969.67</ymax>
		</bndbox>
	</object>
	<object>
		<name>101</name>
		<pose>Left</pose>
		<truncated>1</truncated>
		<difficult>0</difficult>
		<bndbox>
			<xmin>765.65</xmin>
			<ymin>852.37</ymin>
			<xmax>970.33</xmax>
			<ymax>1205.39</ymax>
		</bndbox>
	</object>
	<object>
		<name>101</name>
		<pose>Left</pose>
		<truncated>1</truncated>
		<difficult>0</difficult>
		<bndbox>
			<xmin>1043.93</xmin>
			<ymin>828.23</ymin>
			<xmax>1410.75</xmax>
			<ymax>1059.36</ymax>
		</bndbox>
	</object>
	<object>
		<name>87</name>
		<pose>Left</pose>
		<truncated>1</truncated>
		<difficult>0</difficult>
		<bndbox>
			<xmin>871.05</xmin>
			<ymin>104.79</ymin>
			<xmax>1232.42</xmax>
			<ymax>311.64</ymax>
		</bndbox>
	</object>
	<object>
		<name>136</name>
		<pose>Left</pose>
		<truncated>1</truncated>
		<difficult>0</difficult>
		<bndbox>
			<xmin>1276.82</xmin>
			<ymin>201.1</ymin>
			<xmax>1499.79</xmax>
			<ymax>376.65</ymax>
		</bndbox>
	</object>
	<object>
		<name>162</name>
		<pose>Left</pose>
		<truncated>1</truncated>
		<difficult>0</difficult>
		<bndbox>
			<xmin>805.65</xmin>
			<ymin>1181.78</ymin>
			<xmax>1210.23</xmax>
			<ymax>1467.31</ymax>
		</bndbox>
	</object>
	<object>
		<name>171</name>
		<pose>Left</pose>
		<truncated>1</truncated>
		<difficult>0</difficult>
		<bndbox>
			<xmin>952.49</xmin>
			<ymin>1018.38</ymin>
			<xmax>1432.82</xmax>
			<ymax>1261.0</ymax>
		</bndbox>
	</object>
	<object>
		<name>136</name>
		<pose>Left</pose>
		<truncated>1</truncated>
		<difficult>0</difficult>
		<bndbox>
			<xmin>1424.25</xmin>
			<ymin>1128.66</ymin>
			<xmax>1657.06</xmax>
			<ymax>1313.69</ymax>
		</bndbox>
	</object>
</annotation>
