<?xml version="1.0" encoding="utf-8"?>
<annotation>
	<folder>VOC2007</folder>
	<filename>000031.jpg</filename>
	<source>
		<database>The VOC2007 Database</database>
		<annotation>PASCAL VOC2007</annotation>
		<image>flickr</image>
		<flickrid>341012865</flickrid>
	</source>
	<owner>
		<flickrid>Fried Camels</flickrid>
		<name>Jinky the Fruit Bat</name>
	</owner>
	<size>
		<width>1815</width>
		<height>1815</height>
		<depth>3</depth>
	</size>
	<segmented>0</segmented>
	<object>
		<name>12</name>
		<pose>Left</pose>
		<truncated>1</truncated>
		<difficult>0</difficult>
		<bndbox>
			<xmin>279.3</xmin>
			<ymin>474.1</ymin>
			<xmax>829.67</xmax>
			<ymax>880.15</ymax>
		</bndbox>
	</object>
	<object>
		<name>12</name>
		<pose>Left</pose>
		<truncated>1</truncated>
		<difficult>0</difficult>
		<bndbox>
			<xmin>516.57</xmin>
			<ymin>733.38</ymin>
			<xmax>996.0</xmax>
			<ymax>1276.41</ymax>
		</bndbox>
	</object>
	<object>
		<name>12</name>
		<pose>Left</pose>
		<truncated>1</truncated>
		<difficult>0</difficult>
		<bndbox>
			<xmin>651.11</xmin>
			<ymin>1185.91</ymin>
			<xmax>1260.19</xmax>
			<ymax>1638.44</ymax>
		</bndbox>
	</object>
	<object>
		<name>14</name>
		<pose>Left</pose>
		<truncated>1</truncated>
		<difficult>0</difficult>
		<bndbox>
			<xmin>871.25</xmin>
			<ymin>762.74</ymin>
			<xmax>1428.96</xmax>
			<ymax>1229.94</ymax>
		</bndbox>
	</object>
	<object>
		<name>14</name>
		<pose>Left</pose>
		<truncated>1</truncated>
		<difficult>0</difficult>
		<bndbox>
			<xmin>558.16</xmin>
			<ymin>227.04</ymin>
			<xmax>1008.24</xmax>
			<ymax>740.72</ymax>
		</bndbox>
	</object>
	<object>
		<name>14</name>
		<pose>Left</pose>
		<truncated>1</truncated>
		<difficult>0</difficult>
		<bndbox>
			<xmin>915.68</xmin>
			<ymin>276.51</ymin>
			<xmax>1533.89</xmax>
			<ymax>803.07</ymax>
		</bndbox>
	</object>
	<object>
		<name>158</name>
		<pose>Left</pose>
		<truncated>1</truncated>
		<difficult>0</difficult>
		<bndbox>
			<xmin>912.09</xmin>
			<ymin>204.63</ymin>
			<xmax>1278.7</xmax>
			<ymax>474.2</ymax>
		</bndbox>
	</object>
	<object>
		<name>158</name>
		<pose>Left</pose>
		<truncated>1</truncated>
		<difficult>0</difficult>
		<bndbox>
			<xmin>1298.47</xmin>
			<ymin>697.04</ymin>
			<xmax>1517.72</xmax>
			<ymax>1020.52</ymax>
		</bndbox>
	</object>
</annotation>
