<?xml version="1.0" encoding="utf-8"?>
<annotation>
	<folder>VOC2007</folder>
	<filename>000059.jpg</filename>
	<source>
		<database>The VOC2007 Database</database>
		<annotation>PASCAL VOC2007</annotation>
		<image>flickr</image>
		<flickrid>341012865</flickrid>
	</source>
	<owner>
		<flickrid>Fried Camels</flickrid>
		<name>Jinky the Fruit Bat</name>
	</owner>
	<size>
		<width>1841</width>
		<height>1841</height>
		<depth>3</depth>
	</size>
	<segmented>0</segmented>
	<object>
		<name>197</name>
		<pose>Left</pose>
		<truncated>1</truncated>
		<difficult>0</difficult>
		<bndbox>
			<xmin>656.97</xmin>
			<ymin>519.94</ymin>
			<xmax>949.27</xmax>
			<ymax>873.78</ymax>
		</bndbox>
	</object>
	<object>
		<name>54</name>
		<pose>Left</pose>
		<truncated>1</truncated>
		<difficult>0</difficult>
		<bndbox>
			<xmin>349.28</xmin>
			<ymin>784.05</ymin>
			<xmax>833.89</xmax>
			<ymax>1196.86</ymax>
		</bndbox>
	</object>
	<object>
		<name>156</name>
		<pose>Left</pose>
		<truncated>1</truncated>
		<difficult>0</difficult>
		<bndbox>
			<xmin>341.58</xmin>
			<ymin>1389.16</ymin>
			<xmax>618.5</xmax>
			<ymax>1743.0</ymax>
		</bndbox>
	</object>
	<object>
		<name>57</name>
		<pose>Left</pose>
		<truncated>1</truncated>
		<difficult>0</difficult>
		<bndbox>
			<xmin>641.58</xmin>
			<ymin>1237.88</ymin>
			<xmax>969.78</xmax>
			<ymax>1712.23</ymax>
		</bndbox>
	</object>
	<object>
		<name>63</name>
		<pose>Left</pose>
		<truncated>1</truncated>
		<difficult>0</difficult>
		<bndbox>
			<xmin>1023.63</xmin>
			<ymin>1329.52</ymin>
			<xmax>1380.63</xmax>
			<ymax>1773.77</ymax>
		</bndbox>
	</object>
	<object>
		<name>97</name>
		<pose>Left</pose>
		<truncated>1</truncated>
		<difficult>0</difficult>
		<bndbox>
			<xmin>1133.88</xmin>
			<ymin>891.73</ymin>
			<xmax>1367.21</xmax>
			<ymax>1040.45</ymax>
		</bndbox>
	</object>
	<object>
		<name>81</name>
		<pose>Left</pose>
		<truncated>1</truncated>
		<difficult>0</difficult>
		<bndbox>
			<xmin>833.89</xmin>
			<ymin>855.83</ymin>
			<xmax>1136.45</xmax>
			<ymax>1081.47</ymax>
		</bndbox>
	</object>
	<object>
		<name>8</name>
		<pose>Left</pose>
		<truncated>1</truncated>
		<difficult>0</difficult>
		<bndbox>
			<xmin>918.5</xmin>
			<ymin>55.85</ymin>
			<xmax>1562.08</xmax>
			<ymax>707.12</ymax>
		</bndbox>
	</object>
	<object>
		<name>197</name>
		<pose>Left</pose>
		<truncated>1</truncated>
		<difficult>0</difficult>
		<bndbox>
			<xmin>298.57</xmin>
			<ymin>447.85</ymin>
			<xmax>656.75</xmax>
			<ymax>770.96</ymax>
		</bndbox>
	</object>
	<object>
		<name>63</name>
		<pose>Left</pose>
		<truncated>1</truncated>
		<difficult>0</difficult>
		<bndbox>
			<xmin>406.28</xmin>
			<ymin>132.24</ymin>
			<xmax>812.05</xmax>
			<ymax>550.54</ymax>
		</bndbox>
	</object>
	<object>
		<name>97</name>
		<pose>Left</pose>
		<truncated>1</truncated>
		<difficult>0</difficult>
		<bndbox>
			<xmin>897.21</xmin>
			<ymin>713.35</ymin>
			<xmax>1122.64</xmax>
			<ymax>871.15</ymax>
		</bndbox>
	</object>
	<object>
		<name>97</name>
		<pose>Left</pose>
		<truncated>1</truncated>
		<difficult>0</difficult>
		<bndbox>
			<xmin>1150.19</xmin>
			<ymin>755.94</ymin>
			<xmax>1398.16</xmax>
			<ymax>888.69</ymax>
		</bndbox>
	</object>
	<object>
		<name>197</name>
		<pose>Left</pose>
		<truncated>1</truncated>
		<difficult>0</difficult>
		<bndbox>
			<xmin>1388.14</xmin>
			<ymin>540.53</ymin>
			<xmax>1723.78</xmax>
			<ymax>883.68</ymax>
		</bndbox>
	</object>
	<object>
		<name>57</name>
		<pose>Left</pose>
		<truncated>1</truncated>
		<difficult>0</difficult>
		<bndbox>
			<xmin>854.63</xmin>
			<ymin>1043.98</ymin>
			<xmax>1285.45</xmax>
			<ymax>1409.68</ymax>
		</bndbox>
	</object>
	<object>
		<name>63</name>
		<pose>Left</pose>
		<truncated>1</truncated>
		<difficult>0</difficult>
		<bndbox>
			<xmin>1380.63</xmin>
			<ymin>1104.1</ymin>
			<xmax>1653.65</xmax>
			<ymax>1542.43</ymax>
		</bndbox>
	</object>
</annotation>
