<?xml version="1.0" encoding="utf-8"?>
<annotation>
	<folder>VOC2007</folder>
	<filename>000020.jpg</filename>
	<source>
		<database>The VOC2007 Database</database>
		<annotation>PASCAL VOC2007</annotation>
		<image>flickr</image>
		<flickrid>341012865</flickrid>
	</source>
	<owner>
		<flickrid>Fried Camels</flickrid>
		<name>Jinky the Fruit Bat</name>
	</owner>
	<size>
		<width>1838</width>
		<height>1838</height>
		<depth>3</depth>
	</size>
	<segmented>0</segmented>
	<object>
		<name>169</name>
		<pose>Left</pose>
		<truncated>1</truncated>
		<difficult>0</difficult>
		<bndbox>
			<xmin>238.0</xmin>
			<ymin>1390.56</ymin>
			<xmax>805.95</xmax>
			<ymax>1712.55</ymax>
		</bndbox>
	</object>
	<object>
		<name>169</name>
		<pose>Left</pose>
		<truncated>1</truncated>
		<difficult>0</difficult>
		<bndbox>
			<xmin>242.47</xmin>
			<ymin>1099.88</ymin>
			<xmax>805.94</xmax>
			<ymax>1480.0</ymax>
		</bndbox>
	</object>
	<object>
		<name>169</name>
		<pose>Left</pose>
		<truncated>1</truncated>
		<difficult>0</difficult>
		<bndbox>
			<xmin>1195.01</xmin>
			<ymin>607.96</ymin>
			<xmax>1463.33</xmax>
			<ymax>1166.96</ymax>
		</bndbox>
	</object>
	<object>
		<name>12</name>
		<pose>Left</pose>
		<truncated>1</truncated>
		<difficult>0</difficult>
		<bndbox>
			<xmin>117.25</xmin>
			<ymin>760.01</ymin>
			<xmax>636.0</xmax>
			<ymax>1135.66</ymax>
		</bndbox>
	</object>
	<object>
		<name>12</name>
		<pose>Left</pose>
		<truncated>1</truncated>
		<difficult>0</difficult>
		<bndbox>
			<xmin>1369.42</xmin>
			<ymin>889.7</ymin>
			<xmax>1776.37</xmax>
			<ymax>1466.59</ymax>
		</bndbox>
	</object>
	<object>
		<name>55</name>
		<pose>Left</pose>
		<truncated>1</truncated>
		<difficult>0</difficult>
		<bndbox>
			<xmin>805.94</xmin>
			<ymin>1251.93</ymin>
			<xmax>1203.95</xmax>
			<ymax>1502.36</ymax>
		</bndbox>
	</object>
	<object>
		<name>55</name>
		<pose>Left</pose>
		<truncated>1</truncated>
		<difficult>0</difficult>
		<bndbox>
			<xmin>1172.65</xmin>
			<ymin>254.67</ymin>
			<xmax>1606.44</xmax>
			<ymax>563.24</ymax>
		</bndbox>
	</object>
	<object>
		<name>27</name>
		<pose>Left</pose>
		<truncated>1</truncated>
		<difficult>0</difficult>
		<bndbox>
			<xmin>439.24</xmin>
			<ymin>17.65</ymin>
			<xmax>1127.93</xmax>
			<ymax>697.4</ymax>
		</bndbox>
	</object>
	<object>
		<name>63</name>
		<pose>Left</pose>
		<truncated>1</truncated>
		<difficult>0</difficult>
		<bndbox>
			<xmin>636.01</xmin>
			<ymin>822.62</ymin>
			<xmax>1065.32</xmax>
			<ymax>1202.74</ymax>
		</bndbox>
	</object>
</annotation>
