<?xml version="1.0" encoding="utf-8"?>
<annotation>
	<folder>VOC2007</folder>
	<filename>000027.jpg</filename>
	<source>
		<database>The VOC2007 Database</database>
		<annotation>PASCAL VOC2007</annotation>
		<image>flickr</image>
		<flickrid>341012865</flickrid>
	</source>
	<owner>
		<flickrid>Fried Camels</flickrid>
		<name>Jinky the Fruit Bat</name>
	</owner>
	<size>
		<width>1833</width>
		<height>1833</height>
		<depth>3</depth>
	</size>
	<segmented>0</segmented>
	<object>
		<name>23</name>
		<pose>Left</pose>
		<truncated>1</truncated>
		<difficult>0</difficult>
		<bndbox>
			<xmin>148.08</xmin>
			<ymin>882.82</ymin>
			<xmax>928.03</xmax>
			<ymax>1620.94</ymax>
		</bndbox>
	</object>
	<object>
		<name>159</name>
		<pose>Left</pose>
		<truncated>1</truncated>
		<difficult>0</difficult>
		<bndbox>
			<xmin>231.74</xmin>
			<ymin>508.85</ymin>
			<xmax>640.17</xmax>
			<ymax>951.72</ymax>
		</bndbox>
	</object>
	<object>
		<name>159</name>
		<pose>Left</pose>
		<truncated>1</truncated>
		<difficult>0</difficult>
		<bndbox>
			<xmin>497.46</xmin>
			<ymin>727.82</ymin>
			<xmax>935.41</xmax>
			<ymax>1182.99</ymax>
		</bndbox>
	</object>
	<object>
		<name>50</name>
		<pose>Left</pose>
		<truncated>1</truncated>
		<difficult>0</difficult>
		<bndbox>
			<xmin>787.79</xmin>
			<ymin>1246.96</ymin>
			<xmax>1282.33</xmax>
			<ymax>1736.58</ymax>
		</bndbox>
	</object>
	<object>
		<name>114</name>
		<pose>Left</pose>
		<truncated>1</truncated>
		<difficult>0</difficult>
		<bndbox>
			<xmin>763.19</xmin>
			<ymin>959.1</ymin>
			<xmax>1051.06</xmax>
			<ymax>1293.71</ymax>
		</bndbox>
	</object>
	<object>
		<name>45</name>
		<pose>Left</pose>
		<truncated>1</truncated>
		<difficult>0</difficult>
		<bndbox>
			<xmin>698.34</xmin>
			<ymin>497.78</ymin>
			<xmax>1029.44</xmax>
			<ymax>858.4</ymax>
		</bndbox>
	</object>
	<object>
		<name>45</name>
		<pose>Left</pose>
		<truncated>1</truncated>
		<difficult>0</difficult>
		<bndbox>
			<xmin>875.49</xmin>
			<ymin>596.89</ymin>
			<xmax>1219.24</xmax>
			<ymax>944.86</ymax>
		</bndbox>
	</object>
	<object>
		<name>56</name>
		<pose>Left</pose>
		<truncated>1</truncated>
		<difficult>0</difficult>
		<bndbox>
			<xmin>487.44</xmin>
			<ymin>223.61</ymin>
			<xmax>957.73</xmax>
			<ymax>607.43</ymax>
		</bndbox>
	</object>
	<object>
		<name>56</name>
		<pose>Left</pose>
		<truncated>1</truncated>
		<difficult>0</difficult>
		<bndbox>
			<xmin>932.43</xmin>
			<ymin>158.24</ymin>
			<xmax>1297.27</xmax>
			<ymax>617.98</ymax>
		</bndbox>
	</object>
	<object>
		<name>159</name>
		<pose>Left</pose>
		<truncated>1</truncated>
		<difficult>0</difficult>
		<bndbox>
			<xmin>955.62</xmin>
			<ymin>890.03</ymin>
			<xmax>1354.21</xmax>
			<ymax>1301.27</ymax>
		</bndbox>
	</object>
	<object>
		<name>45</name>
		<pose>Left</pose>
		<truncated>1</truncated>
		<difficult>0</difficult>
		<bndbox>
			<xmin>1183.39</xmin>
			<ymin>556.82</ymin>
			<xmax>1518.71</xmax>
			<ymax>934.32</ymax>
		</bndbox>
	</object>
	<object>
		<name>123</name>
		<pose>Left</pose>
		<truncated>1</truncated>
		<difficult>0</difficult>
		<bndbox>
			<xmin>1200.26</xmin>
			<ymin>339.6</ymin>
			<xmax>1442.79</xmax>
			<ymax>685.46</ymax>
		</bndbox>
	</object>
	<object>
		<name>38</name>
		<pose>Left</pose>
		<truncated>1</truncated>
		<difficult>0</difficult>
		<bndbox>
			<xmin>1255.09</xmin>
			<ymin>1115.68</ymin>
			<xmax>1594.63</xmax>
			<ymax>1444.67</ymax>
		</bndbox>
	</object>
	<object>
		<name>123</name>
		<pose>Left</pose>
		<truncated>1</truncated>
		<difficult>0</difficult>
		<bndbox>
			<xmin>1330.71</xmin>
			<ymin>849.36</ymin>
			<xmax>1704.89</xmax>
			<ymax>1142.2</ymax>
		</bndbox>
	</object>
	<object>
		<name>123</name>
		<pose>Left</pose>
		<truncated>1</truncated>
		<difficult>0</difficult>
		<bndbox>
			<xmin>1306.31</xmin>
			<ymin>640.58</ymin>
			<xmax>1620.84</xmax>
			<ymax>982.22</ymax>
		</bndbox>
	</object>
</annotation>
