<?xml version="1.0" encoding="utf-8"?>
<annotation>
	<folder>VOC2007</folder>
	<filename>000024.jpg</filename>
	<source>
		<database>The VOC2007 Database</database>
		<annotation>PASCAL VOC2007</annotation>
		<image>flickr</image>
		<flickrid>341012865</flickrid>
	</source>
	<owner>
		<flickrid>Fried Camels</flickrid>
		<name>Jinky the Fruit Bat</name>
	</owner>
	<size>
		<width>1779</width>
		<height>1779</height>
		<depth>3</depth>
	</size>
	<segmented>0</segmented>
	<object>
		<name>4</name>
		<pose>Left</pose>
		<truncated>1</truncated>
		<difficult>0</difficult>
		<bndbox>
			<xmin>53.31</xmin>
			<ymin>362.64</ymin>
			<xmax>624.8</xmax>
			<ymax>786.65</ymax>
		</bndbox>
	</object>
	<object>
		<name>37</name>
		<pose>Left</pose>
		<truncated>1</truncated>
		<difficult>0</difficult>
		<bndbox>
			<xmin>205.4</xmin>
			<ymin>565.42</ymin>
			<xmax>945.11</xmax>
			<ymax>1238.31</ymax>
		</bndbox>
	</object>
	<object>
		<name>37</name>
		<pose>Left</pose>
		<truncated>1</truncated>
		<difficult>0</difficult>
		<bndbox>
			<xmin>251.48</xmin>
			<ymin>947.96</ymin>
			<xmax>995.8</xmax>
			<ymax>1574.76</ymax>
		</bndbox>
	</object>
	<object>
		<name>152</name>
		<pose>Left</pose>
		<truncated>1</truncated>
		<difficult>0</difficult>
		<bndbox>
			<xmin>491.14</xmin>
			<ymin>372.68</ymin>
			<xmax>900.01</xmax>
			<ymax>684.76</ymax>
		</bndbox>
	</object>
	<object>
		<name>152</name>
		<pose>Left</pose>
		<truncated>1</truncated>
		<difficult>0</difficult>
		<bndbox>
			<xmin>623.48</xmin>
			<ymin>595.88</ymin>
			<xmax>1000.74</xmax>
			<ymax>937.59</ymax>
		</bndbox>
	</object>
	<object>
		<name>152</name>
		<pose>Left</pose>
		<truncated>1</truncated>
		<difficult>0</difficult>
		<bndbox>
			<xmin>720.27</xmin>
			<ymin>998.82</ymin>
			<xmax>1101.48</xmax>
			<ymax>1328.68</ymax>
		</bndbox>
	</object>
	<object>
		<name>124</name>
		<pose>Left</pose>
		<truncated>1</truncated>
		<difficult>0</difficult>
		<bndbox>
			<xmin>878.28</xmin>
			<ymin>194.91</ymin>
			<xmax>1038.27</xmax>
			<ymax>554.4</ymax>
		</bndbox>
	</object>
	<object>
		<name>48</name>
		<pose>Left</pose>
		<truncated>1</truncated>
		<difficult>0</difficult>
		<bndbox>
			<xmin>1026.42</xmin>
			<ymin>331.2</ymin>
			<xmax>1395.78</xmax>
			<ymax>694.64</ymax>
		</bndbox>
	</object>
	<object>
		<name>48</name>
		<pose>Left</pose>
		<truncated>1</truncated>
		<difficult>0</difficult>
		<bndbox>
			<xmin>1073.83</xmin>
			<ymin>680.81</ymin>
			<xmax>1435.29</xmax>
			<ymax>1042.27</ymax>
		</bndbox>
	</object>
	<object>
		<name>48</name>
		<pose>Left</pose>
		<truncated>1</truncated>
		<difficult>0</difficult>
		<bndbox>
			<xmin>1117.28</xmin>
			<ymin>1002.76</ymin>
			<xmax>1466.89</xmax>
			<ymax>1342.5</ymax>
		</bndbox>
	</object>
</annotation>
