<?xml version="1.0" encoding="utf-8"?>
<annotation>
	<folder>VOC2007</folder>
	<filename>000002.jpg</filename>
	<source>
		<database>The VOC2007 Database</database>
		<annotation>PASCAL VOC2007</annotation>
		<image>flickr</image>
		<flickrid>341012865</flickrid>
	</source>
	<owner>
		<flickrid>Fried Camels</flickrid>
		<name>Jinky the Fruit Bat</name>
	</owner>
	<size>
		<width>1797</width>
		<height>1797</height>
		<depth>3</depth>
	</size>
	<segmented>0</segmented>
	<object>
		<name>181</name>
		<pose>Left</pose>
		<truncated>1</truncated>
		<difficult>0</difficult>
		<bndbox>
			<xmin>287.01</xmin>
			<ymin>839.25</ymin>
			<xmax>764.96</xmax>
			<ymax>1230.85</ymax>
		</bndbox>
	</object>
	<object>
		<name>181</name>
		<pose>Left</pose>
		<truncated>1</truncated>
		<difficult>0</difficult>
		<bndbox>
			<xmin>371.36</xmin>
			<ymin>576.17</ymin>
			<xmax>803.12</xmax>
			<ymax>823.18</ymax>
		</bndbox>
	</object>
	<object>
		<name>7</name>
		<pose>Left</pose>
		<truncated>1</truncated>
		<difficult>0</difficult>
		<bndbox>
			<xmin>729.37</xmin>
			<ymin>958.9</ymin>
			<xmax>1351.99</xmax>
			<ymax>1519.56</ymax>
		</bndbox>
	</object>
	<object>
		<name>61</name>
		<pose>Left</pose>
		<truncated>1</truncated>
		<difficult>0</difficult>
		<bndbox>
			<xmin>729.37</xmin>
			<ymin>799.56</ymin>
			<xmax>1160.19</xmax>
			<ymax>1133.0</ymax>
		</bndbox>
	</object>
	<object>
		<name>33</name>
		<pose>Left</pose>
		<truncated>1</truncated>
		<difficult>0</difficult>
		<bndbox>
			<xmin>782.48</xmin>
			<ymin>604.8</ymin>
			<xmax>1126.25</xmax>
			<ymax>879.23</ymax>
		</bndbox>
	</object>
	<object>
		<name>33</name>
		<pose>Left</pose>
		<truncated>1</truncated>
		<difficult>0</difficult>
		<bndbox>
			<xmin>761.83</xmin>
			<ymin>426.28</ymin>
			<xmax>1096.75</xmax>
			<ymax>657.92</ymax>
		</bndbox>
	</object>
	<object>
		<name>145</name>
		<pose>Left</pose>
		<truncated>1</truncated>
		<difficult>0</difficult>
		<bndbox>
			<xmin>1150.21</xmin>
			<ymin>825.32</ymin>
			<xmax>1401.69</xmax>
			<ymax>973.82</ymax>
		</bndbox>
	</object>
	<object>
		<name>130</name>
		<pose>Left</pose>
		<truncated>1</truncated>
		<difficult>0</difficult>
		<bndbox>
			<xmin>1105.76</xmin>
			<ymin>708.25</ymin>
			<xmax>1475.4</xmax>
			<ymax>930.46</ymax>
		</bndbox>
	</object>
	<object>
		<name>130</name>
		<pose>Left</pose>
		<truncated>1</truncated>
		<difficult>0</difficult>
		<bndbox>
			<xmin>1065.66</xmin>
			<ymin>634.54</ymin>
			<xmax>1428.79</xmax>
			<ymax>852.42</ymax>
		</bndbox>
	</object>
	<object>
		<name>158</name>
		<pose>Left</pose>
		<truncated>1</truncated>
		<difficult>0</difficult>
		<bndbox>
			<xmin>1041.81</xmin>
			<ymin>466.52</ymin>
			<xmax>1391.93</xmax>
			<ymax>740.77</ymax>
		</bndbox>
	</object>
	<object>
		<name>158</name>
		<pose>Left</pose>
		<truncated>1</truncated>
		<difficult>0</difficult>
		<bndbox>
			<xmin>1035.31</xmin>
			<ymin>323.44</ymin>
			<xmax>1343.16</xmax>
			<ymax>515.3</ymax>
		</bndbox>
	</object>
</annotation>
