<?xml version="1.0" encoding="utf-8"?>
<annotation>
	<folder>VOC2007</folder>
	<filename>000014.jpg</filename>
	<source>
		<database>The VOC2007 Database</database>
		<annotation>PASCAL VOC2007</annotation>
		<image>flickr</image>
		<flickrid>341012865</flickrid>
	</source>
	<owner>
		<flickrid>Fried Camels</flickrid>
		<name>Jinky the Fruit Bat</name>
	</owner>
	<size>
		<width>1836</width>
		<height>1836</height>
		<depth>3</depth>
	</size>
	<segmented>0</segmented>
	<object>
		<name>197</name>
		<pose>Left</pose>
		<truncated>1</truncated>
		<difficult>0</difficult>
		<bndbox>
			<xmin>298.37</xmin>
			<ymin>1364.44</ymin>
			<xmax>657.59</xmax>
			<ymax>1743.82</ymax>
		</bndbox>
	</object>
	<object>
		<name>71</name>
		<pose>Left</pose>
		<truncated>1</truncated>
		<difficult>0</difficult>
		<bndbox>
			<xmin>399.17</xmin>
			<ymin>1065.7</ymin>
			<xmax>864.69</xmax>
			<ymax>1534.88</ymax>
		</bndbox>
	</object>
	<object>
		<name>135</name>
		<pose>Left</pose>
		<truncated>1</truncated>
		<difficult>0</difficult>
		<bndbox>
			<xmin>543.95</xmin>
			<ymin>1023.55</ymin>
			<xmax>769.38</xmax>
			<ymax>1241.65</ymax>
		</bndbox>
	</object>
	<object>
		<name>135</name>
		<pose>Left</pose>
		<truncated>1</truncated>
		<difficult>0</difficult>
		<bndbox>
			<xmin>626.5</xmin>
			<ymin>934.14</ymin>
			<xmax>845.98</xmax>
			<ymax>1152.27</ymax>
		</bndbox>
	</object>
	<object>
		<name>135</name>
		<pose>Left</pose>
		<truncated>1</truncated>
		<difficult>0</difficult>
		<bndbox>
			<xmin>498.58</xmin>
			<ymin>795.45</ymin>
			<xmax>724.79</xmax>
			<ymax>988.0</ymax>
		</bndbox>
	</object>
	<object>
		<name>197</name>
		<pose>Left</pose>
		<truncated>1</truncated>
		<difficult>0</difficult>
		<bndbox>
			<xmin>722.1</xmin>
			<ymin>810.26</ymin>
			<xmax>973.9</xmax>
			<ymax>1114.57</ymax>
		</bndbox>
	</object>
	<object>
		<name>170</name>
		<pose>Left</pose>
		<truncated>1</truncated>
		<difficult>0</difficult>
		<bndbox>
			<xmin>463.57</xmin>
			<ymin>429.2</ymin>
			<xmax>1039.87</xmax>
			<ymax>759.09</ymax>
		</bndbox>
	</object>
	<object>
		<name>69</name>
		<pose>Left</pose>
		<truncated>1</truncated>
		<difficult>0</difficult>
		<bndbox>
			<xmin>859.45</xmin>
			<ymin>344.37</ymin>
			<xmax>1170.49</xmax>
			<ymax>640.6</ymax>
		</bndbox>
	</object>
	<object>
		<name>170</name>
		<pose>Left</pose>
		<truncated>1</truncated>
		<difficult>0</difficult>
		<bndbox>
			<xmin>1002.81</xmin>
			<ymin>251.13</ymin>
			<xmax>1534.79</xmax>
			<ymax>734.14</ymax>
		</bndbox>
	</object>
	<object>
		<name>71</name>
		<pose>Left</pose>
		<truncated>1</truncated>
		<difficult>0</difficult>
		<bndbox>
			<xmin>1071.81</xmin>
			<ymin>493.75</ymin>
			<xmax>1559.27</xmax>
			<ymax>954.5</ymax>
		</bndbox>
	</object>
	<object>
		<name>71</name>
		<pose>Left</pose>
		<truncated>1</truncated>
		<difficult>0</difficult>
		<bndbox>
			<xmin>948.71</xmin>
			<ymin>1028.75</ymin>
			<xmax>1517.33</xmax>
			<ymax>1293.67</ymax>
		</bndbox>
	</object>
	<object>
		<name>170</name>
		<pose>Left</pose>
		<truncated>1</truncated>
		<difficult>0</difficult>
		<bndbox>
			<xmin>966.46</xmin>
			<ymin>1278.49</ymin>
			<xmax>1555.18</xmax>
			<ymax>1459.31</ymax>
		</bndbox>
	</object>
</annotation>
