<?xml version="1.0" encoding="utf-8"?>
<annotation>
	<folder>VOC2007</folder>
	<filename>000029.jpg</filename>
	<source>
		<database>The VOC2007 Database</database>
		<annotation>PASCAL VOC2007</annotation>
		<image>flickr</image>
		<flickrid>341012865</flickrid>
	</source>
	<owner>
		<flickrid>Fried Camels</flickrid>
		<name>Jinky the Fruit Bat</name>
	</owner>
	<size>
		<width>1812</width>
		<height>1812</height>
		<depth>3</depth>
	</size>
	<segmented>0</segmented>
	<object>
		<name>87</name>
		<pose>Left</pose>
		<truncated>1</truncated>
		<difficult>0</difficult>
		<bndbox>
			<xmin>441.76</xmin>
			<ymin>941.28</ymin>
			<xmax>712.94</xmax>
			<ymax>1286.42</ymax>
		</bndbox>
	</object>
	<object>
		<name>87</name>
		<pose>Left</pose>
		<truncated>1</truncated>
		<difficult>0</difficult>
		<bndbox>
			<xmin>500.92</xmin>
			<ymin>453.15</ymin>
			<xmax>666.1</xmax>
			<ymax>805.69</ymax>
		</bndbox>
	</object>
	<object>
		<name>168</name>
		<pose>Left</pose>
		<truncated>1</truncated>
		<difficult>0</difficult>
		<bndbox>
			<xmin>547.76</xmin>
			<ymin>248.53</ymin>
			<xmax>838.67</xmax>
			<ymax>384.12</ymax>
		</bndbox>
	</object>
	<object>
		<name>142</name>
		<pose>Left</pose>
		<truncated>1</truncated>
		<difficult>0</difficult>
		<bndbox>
			<xmin>700.61</xmin>
			<ymin>645.44</ymin>
			<xmax>1013.7</xmax>
			<ymax>1086.73</ymax>
		</bndbox>
	</object>
	<object>
		<name>101</name>
		<pose>Left</pose>
		<truncated>1</truncated>
		<difficult>0</difficult>
		<bndbox>
			<xmin>924.96</xmin>
			<ymin>610.93</ymin>
			<xmax>1164.09</xmax>
			<ymax>958.54</ymax>
		</bndbox>
	</object>
	<object>
		<name>144</name>
		<pose>Left</pose>
		<truncated>1</truncated>
		<difficult>0</difficult>
		<bndbox>
			<xmin>1070.41</xmin>
			<ymin>978.26</ymin>
			<xmax>1292.29</xmax>
			<ymax>1160.69</ymax>
		</bndbox>
	</object>
	<object>
		<name>144</name>
		<pose>Left</pose>
		<truncated>1</truncated>
		<difficult>0</difficult>
		<bndbox>
			<xmin>1087.67</xmin>
			<ymin>1071.94</ymin>
			<xmax>1312.01</xmax>
			<ymax>1256.84</ymax>
		</bndbox>
	</object>
	<object>
		<name>168</name>
		<pose>Left</pose>
		<truncated>1</truncated>
		<difficult>0</difficult>
		<bndbox>
			<xmin>1067.94</xmin>
			<ymin>206.62</ymin>
			<xmax>1210.93</xmax>
			<ymax>504.92</ymax>
		</bndbox>
	</object>
	<object>
		<name>26</name>
		<pose>Left</pose>
		<truncated>1</truncated>
		<difficult>0</difficult>
		<bndbox>
			<xmin>234.67</xmin>
			<ymin>1099.06</ymin>
			<xmax>998.91</xmax>
			<ymax>1740.04</ymax>
		</bndbox>
	</object>
	<object>
		<name>26</name>
		<pose>Left</pose>
		<truncated>1</truncated>
		<difficult>0</difficult>
		<bndbox>
			<xmin>177.97</xmin>
			<ymin>391.51</ymin>
			<xmax>757.32</xmax>
			<ymax>1239.58</ymax>
		</bndbox>
	</object>
	<object>
		<name>15</name>
		<pose>Left</pose>
		<truncated>1</truncated>
		<difficult>0</difficult>
		<bndbox>
			<xmin>648.84</xmin>
			<ymin>825.41</ymin>
			<xmax>1206.0</xmax>
			<ymax>1360.38</ymax>
		</bndbox>
	</object>
	<object>
		<name>15</name>
		<pose>Left</pose>
		<truncated>1</truncated>
		<difficult>0</difficult>
		<bndbox>
			<xmin>651.31</xmin>
			<ymin>246.06</ymin>
			<xmax>1144.37</xmax>
			<ymax>783.5</ymax>
		</bndbox>
	</object>
	<object>
		<name>15</name>
		<pose>Left</pose>
		<truncated>1</truncated>
		<difficult>0</difficult>
		<bndbox>
			<xmin>821.41</xmin>
			<ymin>1081.81</ymin>
			<xmax>1413.08</xmax>
			<ymax>1626.64</ymax>
		</bndbox>
	</object>
	<object>
		<name>30</name>
		<pose>Left</pose>
		<truncated>1</truncated>
		<difficult>0</difficult>
		<bndbox>
			<xmin>1282.42</xmin>
			<ymin>906.77</ymin>
			<xmax>1738.5</xmax>
			<ymax>1483.65</ymax>
		</bndbox>
	</object>
	<object>
		<name>30</name>
		<pose>Left</pose>
		<truncated>1</truncated>
		<difficult>0</difficult>
		<bndbox>
			<xmin>1132.04</xmin>
			<ymin>458.08</ymin>
			<xmax>1491.97</xmax>
			<ymax>953.61</ymax>
		</bndbox>
	</object>
</annotation>
