<?xml version="1.0" encoding="utf-8"?>
<annotation>
	<folder>VOC2007</folder>
	<filename>000009.jpg</filename>
	<source>
		<database>The VOC2007 Database</database>
		<annotation>PASCAL VOC2007</annotation>
		<image>flickr</image>
		<flickrid>341012865</flickrid>
	</source>
	<owner>
		<flickrid>Fried Camels</flickrid>
		<name>Jinky the Fruit Bat</name>
	</owner>
	<size>
		<width>1838</width>
		<height>1838</height>
		<depth>3</depth>
	</size>
	<segmented>0</segmented>
	<object>
		<name>180</name>
		<pose>Left</pose>
		<truncated>1</truncated>
		<difficult>0</difficult>
		<bndbox>
			<xmin>295.18</xmin>
			<ymin>1250.06</ymin>
			<xmax>636.66</xmax>
			<ymax>1690.49</ymax>
		</bndbox>
	</object>
	<object>
		<name>180</name>
		<pose>Left</pose>
		<truncated>1</truncated>
		<difficult>0</difficult>
		<bndbox>
			<xmin>496.97</xmin>
			<ymin>514.71</ymin>
			<xmax>869.5</xmax>
			<ymax>815.45</ymax>
		</bndbox>
	</object>
	<object>
		<name>55</name>
		<pose>Left</pose>
		<truncated>1</truncated>
		<difficult>0</difficult>
		<bndbox>
			<xmin>491.15</xmin>
			<ymin>955.15</ymin>
			<xmax>945.16</xmax>
			<ymax>1304.39</ymax>
		</bndbox>
	</object>
	<object>
		<name>71</name>
		<pose>Left</pose>
		<truncated>1</truncated>
		<difficult>0</difficult>
		<bndbox>
			<xmin>394.13</xmin>
			<ymin>772.76</ymin>
			<xmax>952.92</xmax>
			<ymax>1034.69</ymax>
		</bndbox>
	</object>
	<object>
		<name>71</name>
		<pose>Left</pose>
		<truncated>1</truncated>
		<difficult>0</difficult>
		<bndbox>
			<xmin>628.9</xmin>
			<ymin>1195.73</ymin>
			<xmax>1127.54</xmax>
			<ymax>1614.82</ymax>
		</bndbox>
	</object>
	<object>
		<name>162</name>
		<pose>Left</pose>
		<truncated>1</truncated>
		<difficult>0</difficult>
		<bndbox>
			<xmin>797.7</xmin>
			<ymin>1329.61</ymin>
			<xmax>1179.93</xmax>
			<ymax>1659.45</ymax>
		</bndbox>
	</object>
	<object>
		<name>15</name>
		<pose>Left</pose>
		<truncated>1</truncated>
		<difficult>0</difficult>
		<bndbox>
			<xmin>518.31</xmin>
			<ymin>82.03</ymin>
			<xmax>1205.15</xmax>
			<ymax>638.88</ymax>
		</bndbox>
	</object>
	<object>
		<name>39</name>
		<pose>Left</pose>
		<truncated>1</truncated>
		<difficult>0</difficult>
		<bndbox>
			<xmin>846.21</xmin>
			<ymin>569.04</ymin>
			<xmax>1214.85</xmax>
			<ymax>935.74</ymax>
		</bndbox>
	</object>
	<object>
		<name>39</name>
		<pose>Left</pose>
		<truncated>1</truncated>
		<difficult>0</difficult>
		<bndbox>
			<xmin>1326.94</xmin>
			<ymin>1340.72</ymin>
			<xmax>1685.31</xmax>
			<ymax>1728.52</ymax>
		</bndbox>
	</object>
	<object>
		<name>97</name>
		<pose>Left</pose>
		<truncated>1</truncated>
		<difficult>0</difficult>
		<bndbox>
			<xmin>1114.62</xmin>
			<ymin>1195.17</ymin>
			<xmax>1353.53</xmax>
			<ymax>1373.24</ymax>
		</bndbox>
	</object>
	<object>
		<name>157</name>
		<pose>Left</pose>
		<truncated>1</truncated>
		<difficult>0</difficult>
		<bndbox>
			<xmin>1105.72</xmin>
			<ymin>1376.21</ymin>
			<xmax>1328.31</xmax>
			<ymax>1723.45</ymax>
		</bndbox>
	</object>
	<object>
		<name>156</name>
		<pose>Left</pose>
		<truncated>1</truncated>
		<difficult>0</difficult>
		<bndbox>
			<xmin>1150.56</xmin>
			<ymin>800.65</ymin>
			<xmax>1384.85</xmax>
			<ymax>1144.87</ymax>
		</bndbox>
	</object>
	<object>
		<name>157</name>
		<pose>Left</pose>
		<truncated>1</truncated>
		<difficult>0</difficult>
		<bndbox>
			<xmin>1169.44</xmin>
			<ymin>384.64</ymin>
			<xmax>1482.35</xmax>
			<ymax>750.72</ymax>
		</bndbox>
	</object>
	<object>
		<name>15</name>
		<pose>Left</pose>
		<truncated>1</truncated>
		<difficult>0</difficult>
		<bndbox>
			<xmin>1340.49</xmin>
			<ymin>769.64</ymin>
			<xmax>1770.33</xmax>
			<ymax>1330.46</ymax>
		</bndbox>
	</object>
	<object>
		<name>159</name>
		<pose>Left</pose>
		<truncated>1</truncated>
		<difficult>0</difficult>
		<bndbox>
			<xmin>1222.42</xmin>
			<ymin>57.54</ymin>
			<xmax>1661.49</xmax>
			<ymax>389.61</ymax>
		</bndbox>
	</object>
	<object>
		<name>159</name>
		<pose>Left</pose>
		<truncated>1</truncated>
		<difficult>0</difficult>
		<bndbox>
			<xmin>1480.69</xmin>
			<ymin>378.54</ymin>
			<xmax>1834.89</xmax>
			<ymax>795.47</ymax>
		</bndbox>
	</object>
</annotation>
