<?xml version="1.0" encoding="utf-8"?>
<annotation>
	<folder>VOC2007</folder>
	<filename>000048.jpg</filename>
	<source>
		<database>The VOC2007 Database</database>
		<annotation>PASCAL VOC2007</annotation>
		<image>flickr</image>
		<flickrid>341012865</flickrid>
	</source>
	<owner>
		<flickrid>Fried Camels</flickrid>
		<name>Jinky the Fruit Bat</name>
	</owner>
	<size>
		<width>1802</width>
		<height>1802</height>
		<depth>3</depth>
	</size>
	<segmented>0</segmented>
	<object>
		<name>175</name>
		<pose>Left</pose>
		<truncated>1</truncated>
		<difficult>0</difficult>
		<bndbox>
			<xmin>306.5</xmin>
			<ymin>272.49</ymin>
			<xmax>815.83</xmax>
			<ymax>814.4</ymax>
		</bndbox>
	</object>
	<object>
		<name>175</name>
		<pose>Left</pose>
		<truncated>1</truncated>
		<difficult>0</difficult>
		<bndbox>
			<xmin>824.4</xmin>
			<ymin>217.61</ymin>
			<xmax>1359.46</xmax>
			<ymax>577.74</ymax>
		</bndbox>
	</object>
	<object>
		<name>175</name>
		<pose>Left</pose>
		<truncated>1</truncated>
		<difficult>0</difficult>
		<bndbox>
			<xmin>1210.26</xmin>
			<ymin>737.22</ymin>
			<xmax>1560.1</xmax>
			<ymax>1244.84</ymax>
		</bndbox>
	</object>
	<object>
		<name>135</name>
		<pose>Left</pose>
		<truncated>1</truncated>
		<difficult>0</difficult>
		<bndbox>
			<xmin>777.82</xmin>
			<ymin>492.25</ymin>
			<xmax>955.47</xmax>
			<ymax>714.0</ymax>
		</bndbox>
	</object>
	<object>
		<name>113</name>
		<pose>Left</pose>
		<truncated>1</truncated>
		<difficult>0</difficult>
		<bndbox>
			<xmin>931.53</xmin>
			<ymin>552.73</ymin>
			<xmax>1216.28</xmax>
			<ymax>741.72</ymax>
		</bndbox>
	</object>
	<object>
		<name>113</name>
		<pose>Left</pose>
		<truncated>1</truncated>
		<difficult>0</difficult>
		<bndbox>
			<xmin>992.01</xmin>
			<ymin>706.44</ymin>
			<xmax>1286.84</xmax>
			<ymax>891.65</ymax>
		</bndbox>
	</object>
	<object>
		<name>113</name>
		<pose>Left</pose>
		<truncated>1</truncated>
		<difficult>0</difficult>
		<bndbox>
			<xmin>968.07</xmin>
			<ymin>870.24</ymin>
			<xmax>1252.82</xmax>
			<ymax>1050.41</ymax>
		</bndbox>
	</object>
	<object>
		<name>57</name>
		<pose>Left</pose>
		<truncated>1</truncated>
		<difficult>0</difficult>
		<bndbox>
			<xmin>611.51</xmin>
			<ymin>682.5</ymin>
			<xmax>1013.43</xmax>
			<ymax>1128.52</ymax>
		</bndbox>
	</object>
	<object>
		<name>57</name>
		<pose>Left</pose>
		<truncated>1</truncated>
		<difficult>0</difficult>
		<bndbox>
			<xmin>791.68</xmin>
			<ymin>1034.03</ymin>
			<xmax>1237.7</xmax>
			<ymax>1394.37</ymax>
		</bndbox>
	</object>
</annotation>
