<?xml version="1.0" encoding="utf-8"?>
<annotation>
	<folder>VOC2007</folder>
	<filename>000034.jpg</filename>
	<source>
		<database>The VOC2007 Database</database>
		<annotation>PASCAL VOC2007</annotation>
		<image>flickr</image>
		<flickrid>341012865</flickrid>
	</source>
	<owner>
		<flickrid>Fried Camels</flickrid>
		<name>Jinky the Fruit Bat</name>
	</owner>
	<size>
		<width>1828</width>
		<height>1828</height>
		<depth>3</depth>
	</size>
	<segmented>0</segmented>
	<object>
		<name>187</name>
		<pose>Left</pose>
		<truncated>1</truncated>
		<difficult>0</difficult>
		<bndbox>
			<xmin>703.89</xmin>
			<ymin>1358.94</ymin>
			<xmax>1122.92</xmax>
			<ymax>1803.28</ymax>
		</bndbox>
	</object>
	<object>
		<name>68</name>
		<pose>Left</pose>
		<truncated>1</truncated>
		<difficult>0</difficult>
		<bndbox>
			<xmin>473.28</xmin>
			<ymin>951.16</ymin>
			<xmax>1001.99</xmax>
			<ymax>1505.18</ymax>
		</bndbox>
	</object>
	<object>
		<name>68</name>
		<pose>Left</pose>
		<truncated>1</truncated>
		<difficult>0</difficult>
		<bndbox>
			<xmin>357.98</xmin>
			<ymin>1252.07</ymin>
			<xmax>796.7</xmax>
			<ymax>1707.66</ymax>
		</bndbox>
	</object>
	<object>
		<name>187</name>
		<pose>Left</pose>
		<truncated>1</truncated>
		<difficult>0</difficult>
		<bndbox>
			<xmin>222.98</xmin>
			<ymin>847.1</ymin>
			<xmax>642.01</xmax>
			<ymax>1266.13</ymax>
		</bndbox>
	</object>
	<object>
		<name>187</name>
		<pose>Left</pose>
		<truncated>1</truncated>
		<difficult>0</difficult>
		<bndbox>
			<xmin>169.55</xmin>
			<ymin>495.56</ymin>
			<xmax>481.72</xmax>
			<ymax>866.78</ymax>
		</bndbox>
	</object>
	<object>
		<name>17</name>
		<pose>Left</pose>
		<truncated>1</truncated>
		<difficult>0</difficult>
		<bndbox>
			<xmin>102.06</xmin>
			<ymin>42.78</ymin>
			<xmax>672.96</xmax>
			<ymax>563.06</ymax>
		</bndbox>
	</object>
	<object>
		<name>110</name>
		<pose>Left</pose>
		<truncated>1</truncated>
		<difficult>0</difficult>
		<bndbox>
			<xmin>549.21</xmin>
			<ymin>695.23</ymin>
			<xmax>892.31</xmax>
			<ymax>1024.27</ymax>
		</bndbox>
	</object>
	<object>
		<name>77</name>
		<pose>Left</pose>
		<truncated>1</truncated>
		<difficult>0</difficult>
		<bndbox>
			<xmin>442.34</xmin>
			<ymin>152.46</ymin>
			<xmax>892.31</xmax>
			<ymax>678.36</ymax>
		</bndbox>
	</object>
	<object>
		<name>77</name>
		<pose>Left</pose>
		<truncated>1</truncated>
		<difficult>0</difficult>
		<bndbox>
			<xmin>521.09</xmin>
			<ymin>307.14</ymin>
			<xmax>987.93</xmax>
			<ymax>824.6</ymax>
		</bndbox>
	</object>
	<object>
		<name>117</name>
		<pose>Left</pose>
		<truncated>1</truncated>
		<difficult>0</difficult>
		<bndbox>
			<xmin>895.13</xmin>
			<ymin>847.1</ymin>
			<xmax>1179.17</xmax>
			<ymax>1136.77</ymax>
		</bndbox>
	</object>
	<object>
		<name>117</name>
		<pose>Left</pose>
		<truncated>1</truncated>
		<difficult>0</difficult>
		<bndbox>
			<xmin>836.07</xmin>
			<ymin>638.99</ymin>
			<xmax>1120.11</xmax>
			<ymax>920.22</ymax>
		</bndbox>
	</object>
	<object>
		<name>117</name>
		<pose>Left</pose>
		<truncated>1</truncated>
		<difficult>0</difficult>
		<bndbox>
			<xmin>746.07</xmin>
			<ymin>512.44</ymin>
			<xmax>1032.93</xmax>
			<ymax>785.23</ymax>
		</bndbox>
	</object>
	<object>
		<name>43</name>
		<pose>Left</pose>
		<truncated>1</truncated>
		<difficult>0</difficult>
		<bndbox>
			<xmin>889.5</xmin>
			<ymin>1004.59</ymin>
			<xmax>1423.84</xmax>
			<ymax>1530.49</ymax>
		</bndbox>
	</object>
	<object>
		<name>12</name>
		<pose>Left</pose>
		<truncated>1</truncated>
		<difficult>0</difficult>
		<bndbox>
			<xmin>1176.36</xmin>
			<ymin>1108.64</ymin>
			<xmax>1744.45</xmax>
			<ymax>1687.98</ymax>
		</bndbox>
	</object>
	<object>
		<name>43</name>
		<pose>Left</pose>
		<truncated>1</truncated>
		<difficult>0</difficult>
		<bndbox>
			<xmin>1148.94</xmin>
			<ymin>792.7</ymin>
			<xmax>1676.7</xmax>
			<ymax>1258.48</ymax>
		</bndbox>
	</object>
	<object>
		<name>43</name>
		<pose>Left</pose>
		<truncated>1</truncated>
		<difficult>0</difficult>
		<bndbox>
			<xmin>1067.47</xmin>
			<ymin>436.73</ymin>
			<xmax>1607.63</xmax>
			<ymax>978.66</ymax>
		</bndbox>
	</object>
	<object>
		<name>42</name>
		<pose>Left</pose>
		<truncated>1</truncated>
		<difficult>0</difficult>
		<bndbox>
			<xmin>904.54</xmin>
			<ymin>114.41</ymin>
			<xmax>1400.42</xmax>
			<ymax>626.23</ymax>
		</bndbox>
	</object>
	<object>
		<name>148</name>
		<pose>Left</pose>
		<truncated>1</truncated>
		<difficult>0</difficult>
		<bndbox>
			<xmin>1416.36</xmin>
			<ymin>374.74</ymin>
			<xmax>1673.16</xmax>
			<ymax>576.64</ymax>
		</bndbox>
	</object>
	<object>
		<name>148</name>
		<pose>Left</pose>
		<truncated>1</truncated>
		<difficult>0</difficult>
		<bndbox>
			<xmin>1336.67</xmin>
			<ymin>218.9</ymin>
			<xmax>1595.24</xmax>
			<ymax>417.25</ymax>
		</bndbox>
	</object>
	<object>
		<name>148</name>
		<pose>Left</pose>
		<truncated>1</truncated>
		<difficult>0</difficult>
		<bndbox>
			<xmin>1301.25</xmin>
			<ymin>77.21</ymin>
			<xmax>1538.57</xmax>
			<ymax>289.73</ymax>
		</bndbox>
	</object>
</annotation>
