<?xml version="1.0" encoding="utf-8"?>
<annotation>
	<folder>VOC2007</folder>
	<filename>000001.jpg</filename>
	<source>
		<database>The VOC2007 Database</database>
		<annotation>PASCAL VOC2007</annotation>
		<image>flickr</image>
		<flickrid>341012865</flickrid>
	</source>
	<owner>
		<flickrid>Fried Camels</flickrid>
		<name>Jinky the Fruit Bat</name>
	</owner>
	<size>
		<width>1841</width>
		<height>1841</height>
		<depth>3</depth>
	</size>
	<segmented>0</segmented>
	<object>
		<name>157</name>
		<pose>Left</pose>
		<truncated>1</truncated>
		<difficult>0</difficult>
		<bndbox>
			<xmin>138.67</xmin>
			<ymin>1333.39</ymin>
			<xmax>486.63</xmax>
			<ymax>1641.87</ymax>
		</bndbox>
	</object>
	<object>
		<name>157</name>
		<pose>Left</pose>
		<truncated>1</truncated>
		<difficult>0</difficult>
		<bndbox>
			<xmin>217.64</xmin>
			<ymin>1071.8</ymin>
			<xmax>580.41</xmax>
			<ymax>1402.49</ymax>
		</bndbox>
	</object>
	<object>
		<name>54</name>
		<pose>Left</pose>
		<truncated>1</truncated>
		<difficult>0</difficult>
		<bndbox>
			<xmin>269.46</xmin>
			<ymin>615.25</ymin>
			<xmax>740.82</xmax>
			<ymax>992.83</ymax>
		</bndbox>
	</object>
	<object>
		<name>137</name>
		<pose>Left</pose>
		<truncated>1</truncated>
		<difficult>0</difficult>
		<bndbox>
			<xmin>447.14</xmin>
			<ymin>417.83</ymin>
			<xmax>627.29</xmax>
			<ymax>637.47</ymax>
		</bndbox>
	</object>
	<object>
		<name>54</name>
		<pose>Left</pose>
		<truncated>1</truncated>
		<difficult>0</difficult>
		<bndbox>
			<xmin>486.63</xmin>
			<ymin>20.51</ymin>
			<xmax>975.26</xmax>
			<ymax>499.27</ymax>
		</bndbox>
	</object>
	<object>
		<name>150</name>
		<pose>Left</pose>
		<truncated>1</truncated>
		<difficult>0</difficult>
		<bndbox>
			<xmin>563.13</xmin>
			<ymin>1187.79</ymin>
			<xmax>812.38</xmax>
			<ymax>1483.93</ymax>
		</bndbox>
	</object>
	<object>
		<name>150</name>
		<pose>Left</pose>
		<truncated>1</truncated>
		<difficult>0</difficult>
		<bndbox>
			<xmin>953.05</xmin>
			<ymin>1481.46</ymin>
			<xmax>1273.87</xmax>
			<ymax>1582.64</ymax>
		</bndbox>
	</object>
	<object>
		<name>27</name>
		<pose>Left</pose>
		<truncated>1</truncated>
		<difficult>0</difficult>
		<bndbox>
			<xmin>807.45</xmin>
			<ymin>780.6</ymin>
			<xmax>1503.38</xmax>
			<ymax>1476.53</ymax>
		</bndbox>
	</object>
	<object>
		<name>157</name>
		<pose>Left</pose>
		<truncated>1</truncated>
		<difficult>0</difficult>
		<bndbox>
			<xmin>1458.95</xmin>
			<ymin>1175.45</ymin>
			<xmax>1764.96</xmax>
			<ymax>1543.16</ymax>
		</bndbox>
	</object>
	<object>
		<name>137</name>
		<pose>Left</pose>
		<truncated>1</truncated>
		<difficult>0</difficult>
		<bndbox>
			<xmin>1254.12</xmin>
			<ymin>252.49</ymin>
			<xmax>1456.48</xmax>
			<ymax>440.04</ymax>
		</bndbox>
	</object>
	<object>
		<name>76</name>
		<pose>Left</pose>
		<truncated>1</truncated>
		<difficult>0</difficult>
		<bndbox>
			<xmin>1133.2</xmin>
			<ymin>304.3</ymin>
			<xmax>1705.74</xmax>
			<ymax>706.56</ymax>
		</bndbox>
	</object>
	<object>
		<name>76</name>
		<pose>Left</pose>
		<truncated>1</truncated>
		<difficult>0</difficult>
		<bndbox>
			<xmin>891.35</xmin>
			<ymin>462.25</ymin>
			<xmax>1495.97</xmax>
			<ymax>713.97</ymax>
		</bndbox>
	</object>
	<object>
		<name>76</name>
		<pose>Left</pose>
		<truncated>1</truncated>
		<difficult>0</difficult>
		<bndbox>
			<xmin>839.53</xmin>
			<ymin>627.59</ymin>
			<xmax>1449.08</xmax>
			<ymax>869.44</ymax>
		</bndbox>
	</object>
	<object>
		<name>54</name>
		<pose>Left</pose>
		<truncated>1</truncated>
		<difficult>0</difficult>
		<bndbox>
			<xmin>626.59</xmin>
			<ymin>1486.4</ymin>
			<xmax>1079.29</xmax>
			<ymax>1840.97</ymax>
		</bndbox>
	</object>
</annotation>
