<?xml version="1.0" encoding="utf-8"?>
<annotation>
	<folder>VOC2007</folder>
	<filename>000043.jpg</filename>
	<source>
		<database>The VOC2007 Database</database>
		<annotation>PASCAL VOC2007</annotation>
		<image>flickr</image>
		<flickrid>341012865</flickrid>
	</source>
	<owner>
		<flickrid>Fried Camels</flickrid>
		<name>Jinky the Fruit Bat</name>
	</owner>
	<size>
		<width>1821</width>
		<height>1821</height>
		<depth>3</depth>
	</size>
	<segmented>0</segmented>
	<object>
		<name>180</name>
		<pose>Left</pose>
		<truncated>1</truncated>
		<difficult>0</difficult>
		<bndbox>
			<xmin>442.77</xmin>
			<ymin>1041.83</ymin>
			<xmax>789.64</xmax>
			<ymax>1300.48</ymax>
		</bndbox>
	</object>
	<object>
		<name>180</name>
		<pose>Left</pose>
		<truncated>1</truncated>
		<difficult>0</difficult>
		<bndbox>
			<xmin>381.47</xmin>
			<ymin>712.9</ymin>
			<xmax>750.76</xmax>
			<ymax>977.54</ymax>
		</bndbox>
	</object>
	<object>
		<name>36</name>
		<pose>Left</pose>
		<truncated>1</truncated>
		<difficult>0</difficult>
		<bndbox>
			<xmin>371.01</xmin>
			<ymin>327.16</ymin>
			<xmax>774.69</xmax>
			<ymax>606.75</ymax>
		</bndbox>
	</object>
	<object>
		<name>36</name>
		<pose>Left</pose>
		<truncated>1</truncated>
		<difficult>0</difficult>
		<bndbox>
			<xmin>511.55</xmin>
			<ymin>442.29</ymin>
			<xmax>910.75</xmax>
			<ymax>729.35</ymax>
		</bndbox>
	</object>
	<object>
		<name>86</name>
		<pose>Left</pose>
		<truncated>1</truncated>
		<difficult>0</difficult>
		<bndbox>
			<xmin>554.91</xmin>
			<ymin>149.25</ymin>
			<xmax>907.76</xmax>
			<ymax>357.07</ymax>
		</bndbox>
	</object>
	<object>
		<name>67</name>
		<pose>Left</pose>
		<truncated>1</truncated>
		<difficult>0</difficult>
		<bndbox>
			<xmin>882.34</xmin>
			<ymin>342.12</ymin>
			<xmax>1248.64</xmax>
			<ymax>723.37</ymax>
		</bndbox>
	</object>
	<object>
		<name>67</name>
		<pose>Left</pose>
		<truncated>1</truncated>
		<difficult>0</difficult>
		<bndbox>
			<xmin>798.61</xmin>
			<ymin>624.69</ymin>
			<xmax>1169.4</xmax>
			<ymax>889.33</ymax>
		</bndbox>
	</object>
	<object>
		<name>67</name>
		<pose>Left</pose>
		<truncated>1</truncated>
		<difficult>0</difficult>
		<bndbox>
			<xmin>1142.49</xmin>
			<ymin>765.23</ymin>
			<xmax>1443.01</xmax>
			<ymax>1044.82</ymax>
		</bndbox>
	</object>
	<object>
		<name>152</name>
		<pose>Left</pose>
		<truncated>1</truncated>
		<difficult>0</difficult>
		<bndbox>
			<xmin>767.35</xmin>
			<ymin>780.29</ymin>
			<xmax>1134.23</xmax>
			<ymax>1061.49</ymax>
		</bndbox>
	</object>
	<object>
		<name>152</name>
		<pose>Left</pose>
		<truncated>1</truncated>
		<difficult>0</difficult>
		<bndbox>
			<xmin>889.28</xmin>
			<ymin>958.24</ymin>
			<xmax>1264.95</xmax>
			<ymax>1243.84</ymax>
		</bndbox>
	</object>
	<object>
		<name>86</name>
		<pose>Left</pose>
		<truncated>1</truncated>
		<difficult>0</difficult>
		<bndbox>
			<xmin>1124.35</xmin>
			<ymin>1191.11</ymin>
			<xmax>1471.46</xmax>
			<ymax>1392.13</ymax>
		</bndbox>
	</object>
	<object>
		<name>156</name>
		<pose>Left</pose>
		<truncated>1</truncated>
		<difficult>0</difficult>
		<bndbox>
			<xmin>1310.61</xmin>
			<ymin>885.11</ymin>
			<xmax>1677.81</xmax>
			<ymax>1197.23</ymax>
		</bndbox>
	</object>
	<object>
		<name>156</name>
		<pose>Left</pose>
		<truncated>1</truncated>
		<difficult>0</difficult>
		<bndbox>
			<xmin>1193.81</xmin>
			<ymin>504.91</ymin>
			<xmax>1550.75</xmax>
			<ymax>749.78</ymax>
		</bndbox>
	</object>
	<object>
		<name>156</name>
		<pose>Left</pose>
		<truncated>1</truncated>
		<difficult>0</difficult>
		<bndbox>
			<xmin>1246.26</xmin>
			<ymin>202.44</ymin>
			<xmax>1445.23</xmax>
			<ymax>517.06</ymax>
		</bndbox>
	</object>
</annotation>
