<?xml version="1.0" encoding="utf-8"?>
<annotation>
	<folder>VOC2007</folder>
	<filename>000011.jpg</filename>
	<source>
		<database>The VOC2007 Database</database>
		<annotation>PASCAL VOC2007</annotation>
		<image>flickr</image>
		<flickrid>341012865</flickrid>
	</source>
	<owner>
		<flickrid>Fried Camels</flickrid>
		<name>Jinky the Fruit Bat</name>
	</owner>
	<size>
		<width>1860</width>
		<height>1860</height>
		<depth>3</depth>
	</size>
	<segmented>0</segmented>
	<object>
		<name>18</name>
		<pose>Left</pose>
		<truncated>1</truncated>
		<difficult>0</difficult>
		<bndbox>
			<xmin>218.44</xmin>
			<ymin>745.63</ymin>
			<xmax>917.98</xmax>
			<ymax>1516.88</ymax>
		</bndbox>
	</object>
	<object>
		<name>166</name>
		<pose>Left</pose>
		<truncated>1</truncated>
		<difficult>0</difficult>
		<bndbox>
			<xmin>565.08</xmin>
			<ymin>809.13</ymin>
			<xmax>802.81</xmax>
			<ymax>1087.76</ymax>
		</bndbox>
	</object>
	<object>
		<name>67</name>
		<pose>Left</pose>
		<truncated>1</truncated>
		<difficult>0</difficult>
		<bndbox>
			<xmin>672.44</xmin>
			<ymin>1088.62</ymin>
			<xmax>1033.72</xmax>
			<ymax>1433.71</ymax>
		</bndbox>
	</object>
	<object>
		<name>67</name>
		<pose>Left</pose>
		<truncated>1</truncated>
		<difficult>0</difficult>
		<bndbox>
			<xmin>604.27</xmin>
			<ymin>710.29</ymin>
			<xmax>932.32</xmax>
			<ymax>1006.81</ymax>
		</bndbox>
	</object>
	<object>
		<name>166</name>
		<pose>Left</pose>
		<truncated>1</truncated>
		<difficult>0</difficult>
		<bndbox>
			<xmin>913.58</xmin>
			<ymin>835.55</ymin>
			<xmax>1230.55</xmax>
			<ymax>930.98</ymax>
		</bndbox>
	</object>
	<object>
		<name>18</name>
		<pose>Left</pose>
		<truncated>1</truncated>
		<difficult>0</difficult>
		<bndbox>
			<xmin>858.32</xmin>
			<ymin>853.81</ymin>
			<xmax>1474.05</xmax>
			<ymax>1556.47</ymax>
		</bndbox>
	</object>
	<object>
		<name>18</name>
		<pose>Left</pose>
		<truncated>1</truncated>
		<difficult>0</difficult>
		<bndbox>
			<xmin>688.83</xmin>
			<ymin>208.36</ymin>
			<xmax>1449.89</xmax>
			<ymax>874.95</ymax>
		</bndbox>
	</object>
	<object>
		<name>67</name>
		<pose>Left</pose>
		<truncated>1</truncated>
		<difficult>0</difficult>
		<bndbox>
			<xmin>542.33</xmin>
			<ymin>323.38</ymin>
			<xmax>899.27</xmax>
			<ymax>647.64</ymax>
		</bndbox>
	</object>
</annotation>
