<?xml version="1.0" encoding="utf-8"?>
<annotation>
	<folder>VOC2007</folder>
	<filename>000041.jpg</filename>
	<source>
		<database>The VOC2007 Database</database>
		<annotation>PASCAL VOC2007</annotation>
		<image>flickr</image>
		<flickrid>341012865</flickrid>
	</source>
	<owner>
		<flickrid>Fried Camels</flickrid>
		<name>Jinky the Fruit Bat</name>
	</owner>
	<size>
		<width>1830</width>
		<height>1830</height>
		<depth>3</depth>
	</size>
	<segmented>0</segmented>
	<object>
		<name>32</name>
		<pose>Left</pose>
		<truncated>1</truncated>
		<difficult>0</difficult>
		<bndbox>
			<xmin>351.11</xmin>
			<ymin>1468.73</ymin>
			<xmax>738.69</xmax>
			<ymax>1647.14</ymax>
		</bndbox>
	</object>
	<object>
		<name>147</name>
		<pose>Left</pose>
		<truncated>1</truncated>
		<difficult>0</difficult>
		<bndbox>
			<xmin>494.15</xmin>
			<ymin>1201.11</ymin>
			<xmax>732.54</xmax>
			<ymax>1419.51</ymax>
		</bndbox>
	</object>
	<object>
		<name>147</name>
		<pose>Left</pose>
		<truncated>1</truncated>
		<difficult>0</difficult>
		<bndbox>
			<xmin>722.11</xmin>
			<ymin>660.48</ymin>
			<xmax>987.95</xmax>
			<ymax>798.11</ymax>
		</bndbox>
	</object>
	<object>
		<name>147</name>
		<pose>Left</pose>
		<truncated>1</truncated>
		<difficult>0</difficult>
		<bndbox>
			<xmin>1151.85</xmin>
			<ymin>708.47</ymin>
			<xmax>1422.57</xmax>
			<ymax>820.59</ymax>
		</bndbox>
	</object>
	<object>
		<name>139</name>
		<pose>Left</pose>
		<truncated>1</truncated>
		<difficult>0</difficult>
		<bndbox>
			<xmin>724.97</xmin>
			<ymin>1558.18</ymin>
			<xmax>970.08</xmax>
			<ymax>1720.74</ymax>
		</bndbox>
	</object>
	<object>
		<name>32</name>
		<pose>Left</pose>
		<truncated>1</truncated>
		<difficult>0</difficult>
		<bndbox>
			<xmin>827.61</xmin>
			<ymin>760.33</ymin>
			<xmax>1210.98</xmax>
			<ymax>952.65</ymax>
		</bndbox>
	</object>
	<object>
		<name>16</name>
		<pose>Left</pose>
		<truncated>1</truncated>
		<difficult>0</difficult>
		<bndbox>
			<xmin>637.36</xmin>
			<ymin>894.43</ymin>
			<xmax>1225.11</xmax>
			<ymax>1355.02</ymax>
		</bndbox>
	</object>
	<object>
		<name>16</name>
		<pose>Left</pose>
		<truncated>1</truncated>
		<difficult>0</difficult>
		<bndbox>
			<xmin>1121.67</xmin>
			<ymin>1194.88</ymin>
			<xmax>1701.93</xmax>
			<ymax>1637.91</ymax>
		</bndbox>
	</object>
	<object>
		<name>169</name>
		<pose>Left</pose>
		<truncated>1</truncated>
		<difficult>0</difficult>
		<bndbox>
			<xmin>473.42</xmin>
			<ymin>662.72</ymin>
			<xmax>666.4</xmax>
			<ymax>1239.58</ymax>
		</bndbox>
	</object>
	<object>
		<name>40</name>
		<pose>Left</pose>
		<truncated>1</truncated>
		<difficult>0</difficult>
		<bndbox>
			<xmin>935.4</xmin>
			<ymin>311.57</ymin>
			<xmax>1268.29</xmax>
			<ymax>664.84</ymax>
		</bndbox>
	</object>
	<object>
		<name>41</name>
		<pose>Left</pose>
		<truncated>1</truncated>
		<difficult>0</difficult>
		<bndbox>
			<xmin>1501.19</xmin>
			<ymin>873.1</ymin>
			<xmax>1767.19</xmax>
			<ymax>1205.16</ymax>
		</bndbox>
	</object>
	<object>
		<name>169</name>
		<pose>Left</pose>
		<truncated>1</truncated>
		<difficult>0</difficult>
		<bndbox>
			<xmin>1245.32</xmin>
			<ymin>334.23</ymin>
			<xmax>1668.11</xmax>
			<ymax>875.81</ymax>
		</bndbox>
	</object>
	<object>
		<name>40</name>
		<pose>Left</pose>
		<truncated>1</truncated>
		<difficult>0</difficult>
		<bndbox>
			<xmin>740.61</xmin>
			<ymin>1303.86</ymin>
			<xmax>1057.11</xmax>
			<ymax>1549.86</ymax>
		</bndbox>
	</object>
	<object>
		<name>168</name>
		<pose>Left</pose>
		<truncated>1</truncated>
		<difficult>0</difficult>
		<bndbox>
			<xmin>1167.26</xmin>
			<ymin>965.3</ymin>
			<xmax>1334.34</xmax>
			<ymax>1246.37</ymax>
		</bndbox>
	</object>
	<object>
		<name>168</name>
		<pose>Left</pose>
		<truncated>1</truncated>
		<difficult>0</difficult>
		<bndbox>
			<xmin>1362.45</xmin>
			<ymin>924.7</ymin>
			<xmax>1546.7</xmax>
			<ymax>1218.26</ymax>
		</bndbox>
	</object>
</annotation>
