<?xml version="1.0" encoding="utf-8"?>
<annotation>
	<folder>VOC2007</folder>
	<filename>000028.jpg</filename>
	<source>
		<database>The VOC2007 Database</database>
		<annotation>PASCAL VOC2007</annotation>
		<image>flickr</image>
		<flickrid>341012865</flickrid>
	</source>
	<owner>
		<flickrid>Fried Camels</flickrid>
		<name>Jinky the Fruit Bat</name>
	</owner>
	<size>
		<width>1822</width>
		<height>1822</height>
		<depth>3</depth>
	</size>
	<segmented>0</segmented>
	<object>
		<name>54</name>
		<pose>Left</pose>
		<truncated>1</truncated>
		<difficult>0</difficult>
		<bndbox>
			<xmin>235.55</xmin>
			<ymin>99.39</ymin>
			<xmax>665.51</xmax>
			<ymax>595.87</ymax>
		</bndbox>
	</object>
	<object>
		<name>179</name>
		<pose>Left</pose>
		<truncated>1</truncated>
		<difficult>0</difficult>
		<bndbox>
			<xmin>606.13</xmin>
			<ymin>56.63</ymin>
			<xmax>1226.13</xmax>
			<ymax>415.33</ymax>
		</bndbox>
	</object>
	<object>
		<name>40</name>
		<pose>Left</pose>
		<truncated>1</truncated>
		<difficult>0</difficult>
		<bndbox>
			<xmin>1038.46</xmin>
			<ymin>239.55</ymin>
			<xmax>1439.92</xmax>
			<ymax>626.75</ymax>
		</bndbox>
	</object>
	<object>
		<name>46</name>
		<pose>Left</pose>
		<truncated>1</truncated>
		<difficult>0</difficult>
		<bndbox>
			<xmin>627.5</xmin>
			<ymin>365.45</ymin>
			<xmax>1062.21</xmax>
			<ymax>636.26</ymax>
		</bndbox>
	</object>
	<object>
		<name>87</name>
		<pose>Left</pose>
		<truncated>1</truncated>
		<difficult>0</difficult>
		<bndbox>
			<xmin>1537.32</xmin>
			<ymin>398.71</ymin>
			<xmax>1793.87</xmax>
			<ymax>876.18</ymax>
		</bndbox>
	</object>
	<object>
		<name>76</name>
		<pose>Left</pose>
		<truncated>1</truncated>
		<difficult>0</difficult>
		<bndbox>
			<xmin>515.86</xmin>
			<ymin>526.98</ymin>
			<xmax>1204.75</xmax>
			<ymax>845.3</ymax>
		</bndbox>
	</object>
	<object>
		<name>101</name>
		<pose>Left</pose>
		<truncated>1</truncated>
		<difficult>0</difficult>
		<bndbox>
			<xmin>1154.86</xmin>
			<ymin>655.26</ymin>
			<xmax>1499.31</xmax>
			<ymax>1056.72</ymax>
		</bndbox>
	</object>
	<object>
		<name>101</name>
		<pose>Left</pose>
		<truncated>1</truncated>
		<difficult>0</difficult>
		<bndbox>
			<xmin>1097.85</xmin>
			<ymin>812.04</ymin>
			<xmax>1475.55</xmax>
			<ymax>1213.5</ymax>
		</bndbox>
	</object>
	<object>
		<name>192</name>
		<pose>Left</pose>
		<truncated>1</truncated>
		<difficult>0</difficult>
		<bndbox>
			<xmin>774.78</xmin>
			<ymin>835.79</ymin>
			<xmax>1028.96</xmax>
			<ymax>1037.71</ymax>
		</bndbox>
	</object>
	<object>
		<name>112</name>
		<pose>Left</pose>
		<truncated>1</truncated>
		<difficult>0</difficult>
		<bndbox>
			<xmin>183.29</xmin>
			<ymin>1004.46</ymin>
			<xmax>473.1</xmax>
			<ymax>1251.51</ymax>
		</bndbox>
	</object>
	<object>
		<name>54</name>
		<pose>Left</pose>
		<truncated>1</truncated>
		<difficult>0</difficult>
		<bndbox>
			<xmin>337.69</xmin>
			<ymin>804.92</ymin>
			<xmax>819.91</xmax>
			<ymax>1315.65</ymax>
		</bndbox>
	</object>
	<object>
		<name>112</name>
		<pose>Left</pose>
		<truncated>1</truncated>
		<difficult>0</difficult>
		<bndbox>
			<xmin>734.4</xmin>
			<ymin>961.7</ymin>
			<xmax>1038.46</xmax>
			<ymax>1199.25</ymax>
		</bndbox>
	</object>
	<object>
		<name>192</name>
		<pose>Left</pose>
		<truncated>1</truncated>
		<difficult>0</difficult>
		<bndbox>
			<xmin>760.53</xmin>
			<ymin>1130.36</ymin>
			<xmax>974.32</xmax>
			<ymax>1356.03</ymax>
		</bndbox>
	</object>
	<object>
		<name>112</name>
		<pose>Left</pose>
		<truncated>1</truncated>
		<difficult>0</difficult>
		<bndbox>
			<xmin>914.94</xmin>
			<ymin>1068.59</ymin>
			<xmax>1102.6</xmax>
			<ymax>1379.78</ymax>
		</bndbox>
	</object>
	<object>
		<name>40</name>
		<pose>Left</pose>
		<truncated>1</truncated>
		<difficult>0</difficult>
		<bndbox>
			<xmin>998.08</xmin>
			<ymin>1023.46</ymin>
			<xmax>1340.15</xmax>
			<ymax>1356.03</ymax>
		</bndbox>
	</object>
	<object>
		<name>54</name>
		<pose>Left</pose>
		<truncated>1</truncated>
		<difficult>0</difficult>
		<bndbox>
			<xmin>1017.08</xmin>
			<ymin>1237.26</ymin>
			<xmax>1615.7</xmax>
			<ymax>1731.36</ymax>
		</bndbox>
	</object>
	<object>
		<name>87</name>
		<pose>Left</pose>
		<truncated>1</truncated>
		<difficult>0</difficult>
		<bndbox>
			<xmin>648.88</xmin>
			<ymin>1299.02</ymin>
			<xmax>1033.71</xmax>
			<ymax>1560.32</ymax>
		</bndbox>
	</object>
	<object>
		<name>87</name>
		<pose>Left</pose>
		<truncated>1</truncated>
		<difficult>0</difficult>
		<bndbox>
			<xmin>180.91</xmin>
			<ymin>1218.25</ymin>
			<xmax>627.5</xmax>
			<ymax>1491.43</ymax>
		</bndbox>
	</object>
	<object>
		<name>179</name>
		<pose>Left</pose>
		<truncated>1</truncated>
		<difficult>0</difficult>
		<bndbox>
			<xmin>245.05</xmin>
			<ymin>1441.55</ymin>
			<xmax>941.07</xmax>
			<ymax>1805.0</ymax>
		</bndbox>
	</object>
</annotation>
