<?xml version="1.0" encoding="utf-8"?>
<annotation>
	<folder>VOC2007</folder>
	<filename>000017.jpg</filename>
	<source>
		<database>The VOC2007 Database</database>
		<annotation>PASCAL VOC2007</annotation>
		<image>flickr</image>
		<flickrid>341012865</flickrid>
	</source>
	<owner>
		<flickrid>Fried Camels</flickrid>
		<name>Jinky the Fruit Bat</name>
	</owner>
	<size>
		<width>1848</width>
		<height>1848</height>
		<depth>3</depth>
	</size>
	<segmented>0</segmented>
	<object>
		<name>24</name>
		<pose>Left</pose>
		<truncated>1</truncated>
		<difficult>0</difficult>
		<bndbox>
			<xmin>110.88</xmin>
			<ymin>87.26</ymin>
			<xmax>865.38</xmax>
			<ymax>726.51</ymax>
		</bndbox>
	</object>
	<object>
		<name>87</name>
		<pose>Left</pose>
		<truncated>1</truncated>
		<difficult>0</difficult>
		<bndbox>
			<xmin>313.63</xmin>
			<ymin>650.13</ymin>
			<xmax>658.17</xmax>
			<ymax>956.12</ymax>
		</bndbox>
	</object>
	<object>
		<name>192</name>
		<pose>Left</pose>
		<truncated>1</truncated>
		<difficult>0</difficult>
		<bndbox>
			<xmin>320.86</xmin>
			<ymin>845.29</ymin>
			<xmax>494.34</xmax>
			<ymax>1105.5</ymax>
		</bndbox>
	</object>
	<object>
		<name>192</name>
		<pose>Left</pose>
		<truncated>1</truncated>
		<difficult>0</difficult>
		<bndbox>
			<xmin>467.83</xmin>
			<ymin>919.97</ymin>
			<xmax>670.22</xmax>
			<ymax>1129.59</ymax>
		</bndbox>
	</object>
	<object>
		<name>71</name>
		<pose>Left</pose>
		<truncated>1</truncated>
		<difficult>0</difficult>
		<bndbox>
			<xmin>134.11</xmin>
			<ymin>1067.78</ymin>
			<xmax>700.09</xmax>
			<ymax>1245.65</ymax>
		</bndbox>
	</object>
	<object>
		<name>101</name>
		<pose>Left</pose>
		<truncated>1</truncated>
		<difficult>0</difficult>
		<bndbox>
			<xmin>352.18</xmin>
			<ymin>1225.97</ymin>
			<xmax>701.54</xmax>
			<ymax>1384.99</ymax>
		</bndbox>
	</object>
	<object>
		<name>87</name>
		<pose>Left</pose>
		<truncated>1</truncated>
		<difficult>0</difficult>
		<bndbox>
			<xmin>517.2</xmin>
			<ymin>1369.11</ymin>
			<xmax>702.76</xmax>
			<ymax>1713.93</ymax>
		</bndbox>
	</object>
	<object>
		<name>171</name>
		<pose>Left</pose>
		<truncated>1</truncated>
		<difficult>0</difficult>
		<bndbox>
			<xmin>216.44</xmin>
			<ymin>1234.41</ymin>
			<xmax>379.91</xmax>
			<ymax>1712.26</ymax>
		</bndbox>
	</object>
	<object>
		<name>171</name>
		<pose>Left</pose>
		<truncated>1</truncated>
		<difficult>0</difficult>
		<bndbox>
			<xmin>619.62</xmin>
			<ymin>621.21</ymin>
			<xmax>788.28</xmax>
			<ymax>1103.09</ymax>
		</bndbox>
	</object>
	<object>
		<name>171</name>
		<pose>Left</pose>
		<truncated>1</truncated>
		<difficult>0</difficult>
		<bndbox>
			<xmin>685.64</xmin>
			<ymin>1204.69</ymin>
			<xmax>814.37</xmax>
			<ymax>1683.82</ymax>
		</bndbox>
	</object>
	<object>
		<name>71</name>
		<pose>Left</pose>
		<truncated>1</truncated>
		<difficult>0</difficult>
		<bndbox>
			<xmin>757.27</xmin>
			<ymin>629.98</ymin>
			<xmax>939.22</xmax>
			<ymax>1191.95</ymax>
		</bndbox>
	</object>
	<object>
		<name>34</name>
		<pose>Left</pose>
		<truncated>1</truncated>
		<difficult>0</difficult>
		<bndbox>
			<xmin>1064.36</xmin>
			<ymin>153.67</ymin>
			<xmax>1450.84</xmax>
			<ymax>399.12</ymax>
		</bndbox>
	</object>
	<object>
		<name>162</name>
		<pose>Left</pose>
		<truncated>1</truncated>
		<difficult>0</difficult>
		<bndbox>
			<xmin>1027.94</xmin>
			<ymin>379.84</ymin>
			<xmax>1457.65</xmax>
			<ymax>512.51</ymax>
		</bndbox>
	</object>
	<object>
		<name>24</name>
		<pose>Left</pose>
		<truncated>1</truncated>
		<difficult>0</difficult>
		<bndbox>
			<xmin>847.8</xmin>
			<ymin>413.71</ymin>
			<xmax>1596.53</xmax>
			<ymax>1064.4</ymax>
		</bndbox>
	</object>
	<object>
		<name>34</name>
		<pose>Left</pose>
		<truncated>1</truncated>
		<difficult>0</difficult>
		<bndbox>
			<xmin>940.07</xmin>
			<ymin>951.3</ymin>
			<xmax>1301.48</xmax>
			<ymax>1288.61</ymax>
		</bndbox>
	</object>
	<object>
		<name>66</name>
		<pose>Left</pose>
		<truncated>1</truncated>
		<difficult>0</difficult>
		<bndbox>
			<xmin>802.05</xmin>
			<ymin>1193.78</ymin>
			<xmax>1271.55</xmax>
			<ymax>1424.57</ymax>
		</bndbox>
	</object>
	<object>
		<name>101</name>
		<pose>Left</pose>
		<truncated>1</truncated>
		<difficult>0</difficult>
		<bndbox>
			<xmin>794.15</xmin>
			<ymin>1444.73</ymin>
			<xmax>988.4</xmax>
			<ymax>1803.07</ymax>
		</bndbox>
	</object>
	<object>
		<name>162</name>
		<pose>Left</pose>
		<truncated>1</truncated>
		<difficult>0</difficult>
		<bndbox>
			<xmin>1514.92</xmin>
			<ymin>478.48</ymin>
			<xmax>1649.81</xmax>
			<ymax>909.36</ymax>
		</bndbox>
	</object>
	<object>
		<name>24</name>
		<pose>Left</pose>
		<truncated>1</truncated>
		<difficult>0</difficult>
		<bndbox>
			<xmin>1163.57</xmin>
			<ymin>959.31</ymin>
			<xmax>1828.65</xmax>
			<ymax>1761.0</ymax>
		</bndbox>
	</object>
	<object>
		<name>65</name>
		<pose>Left</pose>
		<truncated>1</truncated>
		<difficult>0</difficult>
		<bndbox>
			<xmin>944.83</xmin>
			<ymin>1507.13</ymin>
			<xmax>1302.85</xmax>
			<ymax>1811.66</ymax>
		</bndbox>
	</object>
</annotation>
