<?xml version="1.0" encoding="utf-8"?>
<annotation>
	<folder>VOC2007</folder>
	<filename>000053.jpg</filename>
	<source>
		<database>The VOC2007 Database</database>
		<annotation>PASCAL VOC2007</annotation>
		<image>flickr</image>
		<flickrid>341012865</flickrid>
	</source>
	<owner>
		<flickrid>Fried Camels</flickrid>
		<name>Jinky the Fruit Bat</name>
	</owner>
	<size>
		<width>1812</width>
		<height>1812</height>
		<depth>3</depth>
	</size>
	<segmented>0</segmented>
	<object>
		<name>66</name>
		<pose>Left</pose>
		<truncated>1</truncated>
		<difficult>0</difficult>
		<bndbox>
			<xmin>123.39</xmin>
			<ymin>569.94</ymin>
			<xmax>681.5</xmax>
			<ymax>847.76</ymax>
		</bndbox>
	</object>
	<object>
		<name>66</name>
		<pose>Left</pose>
		<truncated>1</truncated>
		<difficult>0</difficult>
		<bndbox>
			<xmin>565.94</xmin>
			<ymin>614.19</ymin>
			<xmax>888.02</xmax>
			<ymax>1152.63</ymax>
		</bndbox>
	</object>
	<object>
		<name>141</name>
		<pose>Left</pose>
		<truncated>1</truncated>
		<difficult>0</difficult>
		<bndbox>
			<xmin>406.13</xmin>
			<ymin>894.48</ymin>
			<xmax>612.65</xmax>
			<ymax>1000.2</ymax>
		</bndbox>
	</object>
	<object>
		<name>141</name>
		<pose>Left</pose>
		<truncated>1</truncated>
		<difficult>0</difficult>
		<bndbox>
			<xmin>1050.29</xmin>
			<ymin>766.63</ymin>
			<xmax>1249.44</xmax>
			<ymax>941.19</ymax>
		</bndbox>
	</object>
	<object>
		<name>113</name>
		<pose>Left</pose>
		<truncated>1</truncated>
		<difficult>0</difficult>
		<bndbox>
			<xmin>784.33</xmin>
			<ymin>805.04</ymin>
			<xmax>1067.92</xmax>
			<ymax>1108.5</ymax>
		</bndbox>
	</object>
	<object>
		<name>54</name>
		<pose>Left</pose>
		<truncated>1</truncated>
		<difficult>0</difficult>
		<bndbox>
			<xmin>883.68</xmin>
			<ymin>286.62</ymin>
			<xmax>1375.0</xmax>
			<ymax>803.23</ymax>
		</bndbox>
	</object>
	<object>
		<name>54</name>
		<pose>Left</pose>
		<truncated>1</truncated>
		<difficult>0</difficult>
		<bndbox>
			<xmin>787.94</xmin>
			<ymin>940.52</ymin>
			<xmax>1290.1</xmax>
			<ymax>1417.39</ymax>
		</bndbox>
	</object>
</annotation>
