<?xml version="1.0" encoding="utf-8"?>
<annotation>
	<folder>VOC2007</folder>
	<filename>000040.jpg</filename>
	<source>
		<database>The VOC2007 Database</database>
		<annotation>PASCAL VOC2007</annotation>
		<image>flickr</image>
		<flickrid>341012865</flickrid>
	</source>
	<owner>
		<flickrid>Fried Camels</flickrid>
		<name>Jinky the Fruit Bat</name>
	</owner>
	<size>
		<width>1844</width>
		<height>1844</height>
		<depth>3</depth>
	</size>
	<segmented>0</segmented>
	<object>
		<name>19</name>
		<pose>Left</pose>
		<truncated>1</truncated>
		<difficult>0</difficult>
		<bndbox>
			<xmin>106.76</xmin>
			<ymin>1361.68</ymin>
			<xmax>707.85</xmax>
			<ymax>1844.0</ymax>
		</bndbox>
	</object>
	<object>
		<name>19</name>
		<pose>Left</pose>
		<truncated>1</truncated>
		<difficult>0</difficult>
		<bndbox>
			<xmin>404.31</xmin>
			<ymin>920.35</ymin>
			<xmax>838.04</xmax>
			<ymax>1517.39</ymax>
		</bndbox>
	</object>
	<object>
		<name>18</name>
		<pose>Left</pose>
		<truncated>1</truncated>
		<difficult>0</difficult>
		<bndbox>
			<xmin>85.72</xmin>
			<ymin>585.96</ymin>
			<xmax>563.61</xmax>
			<ymax>1225.24</ymax>
		</bndbox>
	</object>
	<object>
		<name>179</name>
		<pose>Left</pose>
		<truncated>1</truncated>
		<difficult>0</difficult>
		<bndbox>
			<xmin>177.5</xmin>
			<ymin>70.63</ymin>
			<xmax>708.47</xmax>
			<ymax>407.34</ymax>
		</bndbox>
	</object>
	<object>
		<name>167</name>
		<pose>Left</pose>
		<truncated>1</truncated>
		<difficult>0</difficult>
		<bndbox>
			<xmin>1034.08</xmin>
			<ymin>487.44</ymin>
			<xmax>1253.87</xmax>
			<ymax>616.21</ymax>
		</bndbox>
	</object>
	<object>
		<name>18</name>
		<pose>Left</pose>
		<truncated>1</truncated>
		<difficult>0</difficult>
		<bndbox>
			<xmin>732.15</xmin>
			<ymin>25.67</ymin>
			<xmax>1384.86</xmax>
			<ymax>562.93</ymax>
		</bndbox>
	</object>
	<object>
		<name>18</name>
		<pose>Left</pose>
		<truncated>1</truncated>
		<difficult>0</difficult>
		<bndbox>
			<xmin>1149.53</xmin>
			<ymin>0.01</ymin>
			<xmax>1802.57</xmax>
			<ymax>480.79</ymax>
		</bndbox>
	</object>
	<object>
		<name>179</name>
		<pose>Left</pose>
		<truncated>1</truncated>
		<difficult>0</difficult>
		<bndbox>
			<xmin>985.21</xmin>
			<ymin>543.67</ymin>
			<xmax>1571.44</xmax>
			<ymax>947.02</ymax>
		</bndbox>
	</object>
	<object>
		<name>125</name>
		<pose>Left</pose>
		<truncated>1</truncated>
		<difficult>0</difficult>
		<bndbox>
			<xmin>1521.88</xmin>
			<ymin>994.88</ymin>
			<xmax>1732.1</xmax>
			<ymax>1336.7</ymax>
		</bndbox>
	</object>
	<object>
		<name>167</name>
		<pose>Left</pose>
		<truncated>1</truncated>
		<difficult>0</difficult>
		<bndbox>
			<xmin>1243.29</xmin>
			<ymin>858.14</ymin>
			<xmax>1419.33</xmax>
			<ymax>1094.0</ymax>
		</bndbox>
	</object>
	<object>
		<name>76</name>
		<pose>Left</pose>
		<truncated>1</truncated>
		<difficult>0</difficult>
		<bndbox>
			<xmin>1344.13</xmin>
			<ymin>835.93</ymin>
			<xmax>1622.72</xmax>
			<ymax>1434.12</ymax>
		</bndbox>
	</object>
	<object>
		<name>162</name>
		<pose>Left</pose>
		<truncated>1</truncated>
		<difficult>0</difficult>
		<bndbox>
			<xmin>1226.2</xmin>
			<ymin>1401.65</ymin>
			<xmax>1660.32</xmax>
			<ymax>1589.65</ymax>
		</bndbox>
	</object>
	<object>
		<name>34</name>
		<pose>Left</pose>
		<truncated>1</truncated>
		<difficult>0</difficult>
		<bndbox>
			<xmin>1173.22</xmin>
			<ymin>1076.91</ymin>
			<xmax>1386.86</xmax>
			<ymax>1447.79</ymax>
		</bndbox>
	</object>
	<object>
		<name>125</name>
		<pose>Left</pose>
		<truncated>1</truncated>
		<difficult>0</difficult>
		<bndbox>
			<xmin>1239.87</xmin>
			<ymin>1586.23</ymin>
			<xmax>1595.37</xmax>
			<ymax>1793.03</ymax>
		</bndbox>
	</object>
	<object>
		<name>171</name>
		<pose>Left</pose>
		<truncated>1</truncated>
		<difficult>0</difficult>
		<bndbox>
			<xmin>794.5</xmin>
			<ymin>1435.63</ymin>
			<xmax>1246.41</xmax>
			<ymax>1741.65</ymax>
		</bndbox>
	</object>
	<object>
		<name>167</name>
		<pose>Left</pose>
		<truncated>1</truncated>
		<difficult>0</difficult>
		<bndbox>
			<xmin>975.98</xmin>
			<ymin>1134.95</ymin>
			<xmax>1182.37</xmax>
			<ymax>1369.8</ymax>
		</bndbox>
	</object>
	<object>
		<name>162</name>
		<pose>Left</pose>
		<truncated>1</truncated>
		<difficult>0</difficult>
		<bndbox>
			<xmin>899.47</xmin>
			<ymin>925.0</ymin>
			<xmax>1194.82</xmax>
			<ymax>1305.75</ymax>
		</bndbox>
	</object>
	<object>
		<name>76</name>
		<pose>Left</pose>
		<truncated>1</truncated>
		<difficult>0</difficult>
		<bndbox>
			<xmin>729.44</xmin>
			<ymin>762.77</ymin>
			<xmax>1035.61</xmax>
			<ymax>1350.61</ymax>
		</bndbox>
	</object>
	<object>
		<name>34</name>
		<pose>Left</pose>
		<truncated>1</truncated>
		<difficult>0</difficult>
		<bndbox>
			<xmin>690.66</xmin>
			<ymin>1324.08</ymin>
			<xmax>1056.02</xmax>
			<ymax>1640.45</ymax>
		</bndbox>
	</object>
	<object>
		<name>174</name>
		<pose>Left</pose>
		<truncated>1</truncated>
		<difficult>0</difficult>
		<bndbox>
			<xmin>500.82</xmin>
			<ymin>659.74</ymin>
			<xmax>925.75</xmax>
			<ymax>1024.46</ymax>
		</bndbox>
	</object>
</annotation>
