<?xml version="1.0" encoding="utf-8"?>
<annotation>
	<folder>VOC2007</folder>
	<filename>000057.jpg</filename>
	<source>
		<database>The VOC2007 Database</database>
		<annotation>PASCAL VOC2007</annotation>
		<image>flickr</image>
		<flickrid>341012865</flickrid>
	</source>
	<owner>
		<flickrid>Fried Camels</flickrid>
		<name>Jinky the Fruit Bat</name>
	</owner>
	<size>
		<width>1857</width>
		<height>1857</height>
		<depth>3</depth>
	</size>
	<segmented>0</segmented>
	<object>
		<name>12</name>
		<pose>Left</pose>
		<truncated>1</truncated>
		<difficult>0</difficult>
		<bndbox>
			<xmin>353.9</xmin>
			<ymin>222.32</ymin>
			<xmax>913.18</xmax>
			<ymax>667.81</ymax>
		</bndbox>
	</object>
	<object>
		<name>76</name>
		<pose>Left</pose>
		<truncated>1</truncated>
		<difficult>0</difficult>
		<bndbox>
			<xmin>431.38</xmin>
			<ymin>597.59</ymin>
			<xmax>1051.19</xmax>
			<ymax>832.44</ymax>
		</bndbox>
	</object>
	<object>
		<name>17</name>
		<pose>Left</pose>
		<truncated>1</truncated>
		<difficult>0</difficult>
		<bndbox>
			<xmin>537.91</xmin>
			<ymin>723.49</ymin>
			<xmax>1138.35</xmax>
			<ymax>1277.93</ymax>
		</bndbox>
	</object>
	<object>
		<name>12</name>
		<pose>Left</pose>
		<truncated>1</truncated>
		<difficult>0</difficult>
		<bndbox>
			<xmin>947.08</xmin>
			<ymin>171.48</ymin>
			<xmax>1394.99</xmax>
			<ymax>706.55</ymax>
		</bndbox>
	</object>
	<object>
		<name>150</name>
		<pose>Left</pose>
		<truncated>1</truncated>
		<difficult>0</difficult>
		<bndbox>
			<xmin>1319.93</xmin>
			<ymin>447.49</ymin>
			<xmax>1428.88</xmax>
			<ymax>793.71</ymax>
		</bndbox>
	</object>
	<object>
		<name>137</name>
		<pose>Left</pose>
		<truncated>1</truncated>
		<difficult>0</difficult>
		<bndbox>
			<xmin>1148.03</xmin>
			<ymin>846.97</ymin>
			<xmax>1375.62</xmax>
			<ymax>1074.56</ymax>
		</bndbox>
	</object>
	<object>
		<name>150</name>
		<pose>Left</pose>
		<truncated>1</truncated>
		<difficult>0</difficult>
		<bndbox>
			<xmin>1390.14</xmin>
			<ymin>803.39</ymin>
			<xmax>1680.67</xmax>
			<ymax>1067.29</ymax>
		</bndbox>
	</object>
	<object>
		<name>137</name>
		<pose>Left</pose>
		<truncated>1</truncated>
		<difficult>0</difficult>
		<bndbox>
			<xmin>97.27</xmin>
			<ymin>1362.67</ymin>
			<xmax>324.86</xmax>
			<ymax>1592.68</ymax>
		</bndbox>
	</object>
	<object>
		<name>12</name>
		<pose>Left</pose>
		<truncated>1</truncated>
		<difficult>0</difficult>
		<bndbox>
			<xmin>194.11</xmin>
			<ymin>1014.03</ymin>
			<xmax>833.29</xmax>
			<ymax>1568.47</ymax>
		</bndbox>
	</object>
	<object>
		<name>97</name>
		<pose>Left</pose>
		<truncated>1</truncated>
		<difficult>0</difficult>
		<bndbox>
			<xmin>685.6</xmin>
			<ymin>1447.41</ymin>
			<xmax>939.82</xmax>
			<ymax>1665.31</ymax>
		</bndbox>
	</object>
	<object>
		<name>69</name>
		<pose>Left</pose>
		<truncated>1</truncated>
		<difficult>0</difficult>
		<bndbox>
			<xmin>767.92</xmin>
			<ymin>1294.88</ymin>
			<xmax>1041.51</xmax>
			<ymax>1517.62</ymax>
		</bndbox>
	</object>
	<object>
		<name>69</name>
		<pose>Left</pose>
		<truncated>1</truncated>
		<difficult>0</difficult>
		<bndbox>
			<xmin>964.03</xmin>
			<ymin>1503.1</ymin>
			<xmax>1271.51</xmax>
			<ymax>1771.84</ymax>
		</bndbox>
	</object>
	<object>
		<name>57</name>
		<pose>Left</pose>
		<truncated>1</truncated>
		<difficult>0</difficult>
		<bndbox>
			<xmin>1012.45</xmin>
			<ymin>1076.98</ymin>
			<xmax>1355.53</xmax>
			<ymax>1518.52</ymax>
		</bndbox>
	</object>
	<object>
		<name>69</name>
		<pose>Left</pose>
		<truncated>1</truncated>
		<difficult>0</difficult>
		<bndbox>
			<xmin>1220.67</xmin>
			<ymin>1474.04</ymin>
			<xmax>1549.94</xmax>
			<ymax>1774.26</ymax>
		</bndbox>
	</object>
	<object>
		<name>137</name>
		<pose>Left</pose>
		<truncated>1</truncated>
		<difficult>0</difficult>
		<bndbox>
			<xmin>1419.2</xmin>
			<ymin>1286.07</ymin>
			<xmax>1641.22</xmax>
			<ymax>1468.98</ymax>
		</bndbox>
	</object>
</annotation>
