<?xml version="1.0" encoding="utf-8"?>
<annotation>
	<folder>VOC2007</folder>
	<filename>000052.jpg</filename>
	<source>
		<database>The VOC2007 Database</database>
		<annotation>PASCAL VOC2007</annotation>
		<image>flickr</image>
		<flickrid>341012865</flickrid>
	</source>
	<owner>
		<flickrid>Fried Camels</flickrid>
		<name>Jinky the Fruit Bat</name>
	</owner>
	<size>
		<width>1815</width>
		<height>1815</height>
		<depth>3</depth>
	</size>
	<segmented>0</segmented>
	<object>
		<name>103</name>
		<pose>Left</pose>
		<truncated>1</truncated>
		<difficult>0</difficult>
		<bndbox>
			<xmin>452.37</xmin>
			<ymin>1429.31</ymin>
			<xmax>758.57</xmax>
			<ymax>1713.29</ymax>
		</bndbox>
	</object>
	<object>
		<name>103</name>
		<pose>Left</pose>
		<truncated>1</truncated>
		<difficult>0</difficult>
		<bndbox>
			<xmin>215.31</xmin>
			<ymin>750.23</ymin>
			<xmax>506.7</xmax>
			<ymax>945.31</ymax>
		</bndbox>
	</object>
	<object>
		<name>71</name>
		<pose>Left</pose>
		<truncated>1</truncated>
		<difficult>0</difficult>
		<bndbox>
			<xmin>504.22</xmin>
			<ymin>905.8</ymin>
			<xmax>800.55</xmax>
			<ymax>1473.76</ymax>
		</bndbox>
	</object>
	<object>
		<name>71</name>
		<pose>Left</pose>
		<truncated>1</truncated>
		<difficult>0</difficult>
		<bndbox>
			<xmin>607.94</xmin>
			<ymin>814.43</ymin>
			<xmax>953.65</xmax>
			<ymax>1342.88</ymax>
		</bndbox>
	</object>
	<object>
		<name>103</name>
		<pose>Left</pose>
		<truncated>1</truncated>
		<difficult>0</difficult>
		<bndbox>
			<xmin>499.29</xmin>
			<ymin>552.67</ymin>
			<xmax>788.21</xmax>
			<ymax>831.71</ymax>
		</bndbox>
	</object>
	<object>
		<name>97</name>
		<pose>Left</pose>
		<truncated>1</truncated>
		<difficult>0</difficult>
		<bndbox>
			<xmin>1007.98</xmin>
			<ymin>1118.16</ymin>
			<xmax>1237.63</xmax>
			<ymax>1357.69</ymax>
		</bndbox>
	</object>
	<object>
		<name>173</name>
		<pose>Left</pose>
		<truncated>1</truncated>
		<difficult>0</difficult>
		<bndbox>
			<xmin>1067.24</xmin>
			<ymin>1128.04</ymin>
			<xmax>1531.48</xmax>
			<ymax>1523.14</ymax>
		</bndbox>
	</object>
	<object>
		<name>41</name>
		<pose>Left</pose>
		<truncated>1</truncated>
		<difficult>0</difficult>
		<bndbox>
			<xmin>946.24</xmin>
			<ymin>1442.78</ymin>
			<xmax>1333.97</xmax>
			<ymax>1775.02</ymax>
		</bndbox>
	</object>
	<object>
		<name>97</name>
		<pose>Left</pose>
		<truncated>1</truncated>
		<difficult>0</difficult>
		<bndbox>
			<xmin>1249.98</xmin>
			<ymin>923.08</ymin>
			<xmax>1447.53</xmax>
			<ymax>1167.55</ymax>
		</bndbox>
	</object>
	<object>
		<name>163</name>
		<pose>Left</pose>
		<truncated>1</truncated>
		<difficult>0</difficult>
		<bndbox>
			<xmin>852.41</xmin>
			<ymin>732.94</ymin>
			<xmax>1183.31</xmax>
			<ymax>1118.16</ymax>
		</bndbox>
	</object>
	<object>
		<name>163</name>
		<pose>Left</pose>
		<truncated>1</truncated>
		<difficult>0</difficult>
		<bndbox>
			<xmin>899.33</xmin>
			<ymin>839.13</ymin>
			<xmax>1235.17</xmax>
			<ymax>1231.76</ymax>
		</bndbox>
	</object>
	<object>
		<name>71</name>
		<pose>Left</pose>
		<truncated>1</truncated>
		<difficult>0</difficult>
		<bndbox>
			<xmin>770.92</xmin>
			<ymin>505.75</ymin>
			<xmax>1319.12</xmax>
			<ymax>715.65</ymax>
		</bndbox>
	</object>
	<object>
		<name>63</name>
		<pose>Left</pose>
		<truncated>1</truncated>
		<difficult>0</difficult>
		<bndbox>
			<xmin>810.43</xmin>
			<ymin>162.51</ymin>
			<xmax>1257.39</xmax>
			<ymax>547.73</ymax>
		</bndbox>
	</object>
	<object>
		<name>63</name>
		<pose>Left</pose>
		<truncated>1</truncated>
		<difficult>0</difficult>
		<bndbox>
			<xmin>1479.63</xmin>
			<ymin>651.45</ymin>
			<xmax>1771.02</xmax>
			<ymax>1076.18</ymax>
		</bndbox>
	</object>
	<object>
		<name>18</name>
		<pose>Left</pose>
		<truncated>1</truncated>
		<difficult>0</difficult>
		<bndbox>
			<xmin>1259.86</xmin>
			<ymin>4.47</ymin>
			<xmax>1800.66</xmax>
			<ymax>690.96</ymax>
		</bndbox>
	</object>
</annotation>
