<?xml version="1.0" encoding="utf-8"?>
<annotation>
	<folder>VOC2007</folder>
	<filename>000006.jpg</filename>
	<source>
		<database>The VOC2007 Database</database>
		<annotation>PASCAL VOC2007</annotation>
		<image>flickr</image>
		<flickrid>341012865</flickrid>
	</source>
	<owner>
		<flickrid>Fried Camels</flickrid>
		<name>Jinky the Fruit Bat</name>
	</owner>
	<size>
		<width>1854</width>
		<height>1854</height>
		<depth>3</depth>
	</size>
	<segmented>0</segmented>
	<object>
		<name>9</name>
		<pose>Left</pose>
		<truncated>1</truncated>
		<difficult>0</difficult>
		<bndbox>
			<xmin>0.0</xmin>
			<ymin>534.78</ymin>
			<xmax>560.57</xmax>
			<ymax>1027.7</ymax>
		</bndbox>
	</object>
	<object>
		<name>177</name>
		<pose>Left</pose>
		<truncated>1</truncated>
		<difficult>0</difficult>
		<bndbox>
			<xmin>103.99</xmin>
			<ymin>904.46</ymin>
			<xmax>582.69</xmax>
			<ymax>1229.92</ymax>
		</bndbox>
	</object>
	<object>
		<name>177</name>
		<pose>Left</pose>
		<truncated>1</truncated>
		<difficult>0</difficult>
		<bndbox>
			<xmin>0.0</xmin>
			<ymin>1267.84</ymin>
			<xmax>448.4</xmax>
			<ymax>1773.4</ymax>
		</bndbox>
	</object>
	<object>
		<name>165</name>
		<pose>Left</pose>
		<truncated>1</truncated>
		<difficult>0</difficult>
		<bndbox>
			<xmin>364.67</xmin>
			<ymin>1267.84</ymin>
			<xmax>559.0</xmax>
			<ymax>1604.36</ymax>
		</bndbox>
	</object>
	<object>
		<name>52</name>
		<pose>Left</pose>
		<truncated>1</truncated>
		<difficult>0</difficult>
		<bndbox>
			<xmin>470.52</xmin>
			<ymin>1342.09</ymin>
			<xmax>863.91</xmax>
			<ymax>1795.52</ymax>
		</bndbox>
	</object>
	<object>
		<name>49</name>
		<pose>Left</pose>
		<truncated>1</truncated>
		<difficult>0</difficult>
		<bndbox>
			<xmin>495.8</xmin>
			<ymin>871.29</ymin>
			<xmax>863.91</xmax>
			<ymax>1253.62</ymax>
		</bndbox>
	</object>
	<object>
		<name>52</name>
		<pose>Left</pose>
		<truncated>1</truncated>
		<difficult>0</difficult>
		<bndbox>
			<xmin>821.25</xmin>
			<ymin>1244.14</ymin>
			<xmax>1194.1</xmax>
			<ymax>1695.99</ymax>
		</bndbox>
	</object>
	<object>
		<name>133</name>
		<pose>Left</pose>
		<truncated>1</truncated>
		<difficult>0</difficult>
		<bndbox>
			<xmin>933.43</xmin>
			<ymin>1665.97</ymin>
			<xmax>1284.16</xmax>
			<ymax>1811.32</ymax>
		</bndbox>
	</object>
	<object>
		<name>111</name>
		<pose>Left</pose>
		<truncated>1</truncated>
		<difficult>0</difficult>
		<bndbox>
			<xmin>832.31</xmin>
			<ymin>876.03</ymin>
			<xmax>1077.19</xmax>
			<ymax>1198.33</ymax>
		</bndbox>
	</object>
	<object>
		<name>1</name>
		<pose>Left</pose>
		<truncated>1</truncated>
		<difficult>0</difficult>
		<bndbox>
			<xmin>682.22</xmin>
			<ymin>577.43</ymin>
			<xmax>1238.34</xmax>
			<ymax>975.56</ymax>
		</bndbox>
	</object>
	<object>
		<name>111</name>
		<pose>Left</pose>
		<truncated>1</truncated>
		<difficult>0</difficult>
		<bndbox>
			<xmin>1044.02</xmin>
			<ymin>966.08</ymin>
			<xmax>1405.81</xmax>
			<ymax>1226.76</ymax>
		</bndbox>
	</object>
	<object>
		<name>1</name>
		<pose>Left</pose>
		<truncated>1</truncated>
		<difficult>0</difficult>
		<bndbox>
			<xmin>1195.69</xmin>
			<ymin>481.06</ymin>
			<xmax>1587.5</xmax>
			<ymax>1027.7</ymax>
		</bndbox>
	</object>
	<object>
		<name>143</name>
		<pose>Left</pose>
		<truncated>1</truncated>
		<difficult>0</difficult>
		<bndbox>
			<xmin>1203.59</xmin>
			<ymin>1212.54</ymin>
			<xmax>1435.83</xmax>
			<ymax>1653.33</ymax>
		</bndbox>
	</object>
	<object>
		<name>49</name>
		<pose>Left</pose>
		<truncated>1</truncated>
		<difficult>0</difficult>
		<bndbox>
			<xmin>1405.81</xmin>
			<ymin>1368.96</ymin>
			<xmax>1818.16</xmax>
			<ymax>1748.13</ymax>
		</bndbox>
	</object>
	<object>
		<name>49</name>
		<pose>Left</pose>
		<truncated>1</truncated>
		<difficult>0</difficult>
		<bndbox>
			<xmin>1451.63</xmin>
			<ymin>1022.96</ymin>
			<xmax>1849.76</xmax>
			<ymax>1400.55</ymax>
		</bndbox>
	</object>
</annotation>
