<?xml version="1.0" encoding="utf-8"?>
<annotation>
	<folder>VOC2007</folder>
	<filename>000056.jpg</filename>
	<source>
		<database>The VOC2007 Database</database>
		<annotation>PASCAL VOC2007</annotation>
		<image>flickr</image>
		<flickrid>341012865</flickrid>
	</source>
	<owner>
		<flickrid>Fried Camels</flickrid>
		<name>Jinky the Fruit Bat</name>
	</owner>
	<size>
		<width>1840</width>
		<height>1840</height>
		<depth>3</depth>
	</size>
	<segmented>0</segmented>
	<object>
		<name>48</name>
		<pose>Left</pose>
		<truncated>1</truncated>
		<difficult>0</difficult>
		<bndbox>
			<xmin>424.19</xmin>
			<ymin>293.86</ymin>
			<xmax>776.91</xmax>
			<ymax>649.58</ymax>
		</bndbox>
	</object>
	<object>
		<name>19</name>
		<pose>Left</pose>
		<truncated>1</truncated>
		<difficult>0</difficult>
		<bndbox>
			<xmin>284.61</xmin>
			<ymin>753.15</ymin>
			<xmax>898.49</xmax>
			<ymax>1242.45</ymax>
		</bndbox>
	</object>
	<object>
		<name>19</name>
		<pose>Left</pose>
		<truncated>1</truncated>
		<difficult>0</difficult>
		<bndbox>
			<xmin>415.19</xmin>
			<ymin>598.55</ymin>
			<xmax>961.53</xmax>
			<ymax>993.29</ymax>
		</bndbox>
	</object>
	<object>
		<name>4</name>
		<pose>Left</pose>
		<truncated>1</truncated>
		<difficult>0</difficult>
		<bndbox>
			<xmin>735.14</xmin>
			<ymin>201.06</ymin>
			<xmax>1165.34</xmax>
			<ymax>736.98</ymax>
		</bndbox>
	</object>
	<object>
		<name>48</name>
		<pose>Left</pose>
		<truncated>1</truncated>
		<difficult>0</difficult>
		<bndbox>
			<xmin>757.01</xmin>
			<ymin>1032.28</ymin>
			<xmax>1116.12</xmax>
			<ymax>1395.03</ymax>
		</bndbox>
	</object>
	<object>
		<name>153</name>
		<pose>Left</pose>
		<truncated>1</truncated>
		<difficult>0</difficult>
		<bndbox>
			<xmin>1030.81</xmin>
			<ymin>658.05</ymin>
			<xmax>1352.23</xmax>
			<ymax>952.69</ymax>
		</bndbox>
	</object>
	<object>
		<name>153</name>
		<pose>Left</pose>
		<truncated>1</truncated>
		<difficult>0</difficult>
		<bndbox>
			<xmin>993.32</xmin>
			<ymin>900.46</ymin>
			<xmax>1419.2</xmax>
			<ymax>1248.67</ymax>
		</bndbox>
	</object>
	<object>
		<name>153</name>
		<pose>Left</pose>
		<truncated>1</truncated>
		<difficult>0</difficult>
		<bndbox>
			<xmin>1038.85</xmin>
			<ymin>1235.27</ymin>
			<xmax>1403.13</xmax>
			<ymax>1520.53</ymax>
		</bndbox>
	</object>
</annotation>
