<?xml version="1.0" encoding="utf-8"?>
<annotation>
	<folder>VOC2007</folder>
	<filename>000005.jpg</filename>
	<source>
		<database>The VOC2007 Database</database>
		<annotation>PASCAL VOC2007</annotation>
		<image>flickr</image>
		<flickrid>341012865</flickrid>
	</source>
	<owner>
		<flickrid>Fried Camels</flickrid>
		<name>Jinky the Fruit Bat</name>
	</owner>
	<size>
		<width>1859</width>
		<height>1859</height>
		<depth>3</depth>
	</size>
	<segmented>0</segmented>
	<object>
		<name>80</name>
		<pose>Left</pose>
		<truncated>1</truncated>
		<difficult>0</difficult>
		<bndbox>
			<xmin>265.37</xmin>
			<ymin>466.12</ymin>
			<xmax>956.5</xmax>
			<ymax>660.34</ymax>
		</bndbox>
	</object>
	<object>
		<name>80</name>
		<pose>Left</pose>
		<truncated>1</truncated>
		<difficult>0</difficult>
		<bndbox>
			<xmin>850.57</xmin>
			<ymin>279.46</ymin>
			<xmax>1428.2</xmax>
			<ymax>814.21</ymax>
		</bndbox>
	</object>
	<object>
		<name>80</name>
		<pose>Left</pose>
		<truncated>1</truncated>
		<difficult>0</difficult>
		<bndbox>
			<xmin>235.1</xmin>
			<ymin>955.46</ymin>
			<xmax>933.8</xmax>
			<ymax>1187.52</ymax>
		</bndbox>
	</object>
	<object>
		<name>47</name>
		<pose>Left</pose>
		<truncated>1</truncated>
		<difficult>0</difficult>
		<bndbox>
			<xmin>520.13</xmin>
			<ymin>657.82</ymin>
			<xmax>875.79</xmax>
			<ymax>1026.09</ymax>
		</bndbox>
	</object>
	<object>
		<name>47</name>
		<pose>Left</pose>
		<truncated>1</truncated>
		<difficult>0</difficult>
		<bndbox>
			<xmin>979.21</xmin>
			<ymin>652.78</ymin>
			<xmax>1339.91</xmax>
			<ymax>1005.91</ymax>
		</bndbox>
	</object>
	<object>
		<name>113</name>
		<pose>Left</pose>
		<truncated>1</truncated>
		<difficult>0</difficult>
		<bndbox>
			<xmin>835.83</xmin>
			<ymin>708.6</ymin>
			<xmax>1008.97</xmax>
			<ymax>988.17</ymax>
		</bndbox>
	</object>
	<object>
		<name>113</name>
		<pose>Left</pose>
		<truncated>1</truncated>
		<difficult>0</difficult>
		<bndbox>
			<xmin>1290.13</xmin>
			<ymin>473.51</ymin>
			<xmax>1583.99</xmax>
			<ymax>768.96</ymax>
		</bndbox>
	</object>
	<object>
		<name>197</name>
		<pose>Left</pose>
		<truncated>1</truncated>
		<difficult>0</difficult>
		<bndbox>
			<xmin>1472.6</xmin>
			<ymin>386.16</ymin>
			<xmax>1806.47</xmax>
			<ymax>673.24</ymax>
		</bndbox>
	</object>
	<object>
		<name>197</name>
		<pose>Left</pose>
		<truncated>1</truncated>
		<difficult>0</difficult>
		<bndbox>
			<xmin>1414.42</xmin>
			<ymin>885.7</ymin>
			<xmax>1768.53</xmax>
			<ymax>1233.48</ymax>
		</bndbox>
	</object>
	<object>
		<name>46</name>
		<pose>Left</pose>
		<truncated>1</truncated>
		<difficult>0</difficult>
		<bndbox>
			<xmin>886.18</xmin>
			<ymin>973.22</ymin>
			<xmax>1202.27</xmax>
			<ymax>1340.92</ymax>
		</bndbox>
	</object>
	<object>
		<name>61</name>
		<pose>Left</pose>
		<truncated>1</truncated>
		<difficult>0</difficult>
		<bndbox>
			<xmin>189.48</xmin>
			<ymin>1205.45</ymin>
			<xmax>579.76</xmax>
			<ymax>1673.14</ymax>
		</bndbox>
	</object>
	<object>
		<name>61</name>
		<pose>Left</pose>
		<truncated>1</truncated>
		<difficult>0</difficult>
		<bndbox>
			<xmin>1160.34</xmin>
			<ymin>882.91</ymin>
			<xmax>1499.01</xmax>
			<ymax>1337.7</ymax>
		</bndbox>
	</object>
	<object>
		<name>108</name>
		<pose>Left</pose>
		<truncated>1</truncated>
		<difficult>0</difficult>
		<bndbox>
			<xmin>572.16</xmin>
			<ymin>1331.48</ymin>
			<xmax>926.04</xmax>
			<ymax>1574.77</ymax>
		</bndbox>
	</object>
	<object>
		<name>108</name>
		<pose>Left</pose>
		<truncated>1</truncated>
		<difficult>0</difficult>
		<bndbox>
			<xmin>1025.57</xmin>
			<ymin>1256.83</ymin>
			<xmax>1393.27</xmax>
			<ymax>1516.71</ymax>
		</bndbox>
	</object>
	<object>
		<name>113</name>
		<pose>Left</pose>
		<truncated>1</truncated>
		<difficult>0</difficult>
		<bndbox>
			<xmin>1069.8</xmin>
			<ymin>1464.18</ymin>
			<xmax>1382.21</xmax>
			<ymax>1682.59</ymax>
		</bndbox>
	</object>
	<object>
		<name>121</name>
		<pose>Left</pose>
		<truncated>1</truncated>
		<difficult>0</difficult>
		<bndbox>
			<xmin>1371.15</xmin>
			<ymin>1312.12</ymin>
			<xmax>1606.15</xmax>
			<ymax>1555.41</ymax>
		</bndbox>
	</object>
	<object>
		<name>197</name>
		<pose>Left</pose>
		<truncated>1</truncated>
		<difficult>0</difficult>
		<bndbox>
			<xmin>627.45</xmin>
			<ymin>1491.83</ymin>
			<xmax>939.86</xmax>
			<ymax>1748.94</ymax>
		</bndbox>
	</object>
</annotation>
