<?xml version="1.0" encoding="utf-8"?>
<annotation>
	<folder>VOC2007</folder>
	<filename>000016.jpg</filename>
	<source>
		<database>The VOC2007 Database</database>
		<annotation>PASCAL VOC2007</annotation>
		<image>flickr</image>
		<flickrid>341012865</flickrid>
	</source>
	<owner>
		<flickrid>Fried Camels</flickrid>
		<name>Jinky the Fruit Bat</name>
	</owner>
	<size>
		<width>1812</width>
		<height>1812</height>
		<depth>3</depth>
	</size>
	<segmented>0</segmented>
	<object>
		<name>179</name>
		<pose>Left</pose>
		<truncated>1</truncated>
		<difficult>0</difficult>
		<bndbox>
			<xmin>226.11</xmin>
			<ymin>586.75</ymin>
			<xmax>721.36</xmax>
			<ymax>1150.31</ymax>
		</bndbox>
	</object>
	<object>
		<name>179</name>
		<pose>Left</pose>
		<truncated>1</truncated>
		<difficult>0</difficult>
		<bndbox>
			<xmin>648.38</xmin>
			<ymin>187.77</ymin>
			<xmax>1211.94</xmax>
			<ymax>613.15</ymax>
		</bndbox>
	</object>
	<object>
		<name>179</name>
		<pose>Left</pose>
		<truncated>1</truncated>
		<difficult>0</difficult>
		<bndbox>
			<xmin>989.82</xmin>
			<ymin>861.22</ymin>
			<xmax>1287.9</xmax>
			<ymax>1372.21</ymax>
		</bndbox>
	</object>
	<object>
		<name>148</name>
		<pose>Left</pose>
		<truncated>1</truncated>
		<difficult>0</difficult>
		<bndbox>
			<xmin>845.63</xmin>
			<ymin>657.52</ymin>
			<xmax>1104.55</xmax>
			<ymax>887.92</ymax>
		</bndbox>
	</object>
	<object>
		<name>148</name>
		<pose>Left</pose>
		<truncated>1</truncated>
		<difficult>0</difficult>
		<bndbox>
			<xmin>1086.3</xmin>
			<ymin>610.76</ymin>
			<xmax>1287.05</xmax>
			<ymax>858.27</ymax>
		</bndbox>
	</object>
	<object>
		<name>102</name>
		<pose>Left</pose>
		<truncated>1</truncated>
		<difficult>0</difficult>
		<bndbox>
			<xmin>609.52</xmin>
			<ymin>842.3</ymin>
			<xmax>904.94</xmax>
			<ymax>1104.64</ymax>
		</bndbox>
	</object>
	<object>
		<name>102</name>
		<pose>Left</pose>
		<truncated>1</truncated>
		<difficult>0</difficult>
		<bndbox>
			<xmin>729.29</xmin>
			<ymin>1027.08</ymin>
			<xmax>1011.02</xmax>
			<ymax>1232.39</ymax>
		</bndbox>
	</object>
</annotation>
