<?xml version="1.0" encoding="utf-8"?>
<annotation>
	<folder>VOC2007</folder>
	<filename>000004.jpg</filename>
	<source>
		<database>The VOC2007 Database</database>
		<annotation>PASCAL VOC2007</annotation>
		<image>flickr</image>
		<flickrid>341012865</flickrid>
	</source>
	<owner>
		<flickrid>Fried Camels</flickrid>
		<name>Jinky the Fruit Bat</name>
	</owner>
	<size>
		<width>1846</width>
		<height>1846</height>
		<depth>3</depth>
	</size>
	<segmented>0</segmented>
	<object>
		<name>8</name>
		<pose>Left</pose>
		<truncated>1</truncated>
		<difficult>0</difficult>
		<bndbox>
			<xmin>75.14</xmin>
			<ymin>820.97</ymin>
			<xmax>754.15</xmax>
			<ymax>1515.89</ymax>
		</bndbox>
	</object>
	<object>
		<name>97</name>
		<pose>Left</pose>
		<truncated>1</truncated>
		<difficult>0</difficult>
		<bndbox>
			<xmin>442.3</xmin>
			<ymin>680.29</ymin>
			<xmax>691.73</xmax>
			<ymax>924.52</ymax>
		</bndbox>
	</object>
	<object>
		<name>27</name>
		<pose>Left</pose>
		<truncated>1</truncated>
		<difficult>0</difficult>
		<bndbox>
			<xmin>134.41</xmin>
			<ymin>0.84</ymin>
			<xmax>882.7</xmax>
			<ymax>769.18</ymax>
		</bndbox>
	</object>
	<object>
		<name>129</name>
		<pose>Left</pose>
		<truncated>1</truncated>
		<difficult>0</difficult>
		<bndbox>
			<xmin>631.19</xmin>
			<ymin>756.38</ymin>
			<xmax>982.16</xmax>
			<ymax>1053.35</ymax>
		</bndbox>
	</object>
	<object>
		<name>97</name>
		<pose>Left</pose>
		<truncated>1</truncated>
		<difficult>0</difficult>
		<bndbox>
			<xmin>690.91</xmin>
			<ymin>948.86</ymin>
			<xmax>928.93</xmax>
			<ymax>1195.89</ymax>
		</bndbox>
	</object>
	<object>
		<name>84</name>
		<pose>Left</pose>
		<truncated>1</truncated>
		<difficult>0</difficult>
		<bndbox>
			<xmin>678.23</xmin>
			<ymin>1285.75</ymin>
			<xmax>1121.06</xmax>
			<ymax>1664.75</ymax>
		</bndbox>
	</object>
	<object>
		<name>199</name>
		<pose>Left</pose>
		<truncated>1</truncated>
		<difficult>0</difficult>
		<bndbox>
			<xmin>885.68</xmin>
			<ymin>1405.43</ymin>
			<xmax>1367.08</xmax>
			<ymax>1761.83</ymax>
		</bndbox>
	</object>
	<object>
		<name>67</name>
		<pose>Left</pose>
		<truncated>1</truncated>
		<difficult>0</difficult>
		<bndbox>
			<xmin>841.42</xmin>
			<ymin>1003.06</ymin>
			<xmax>1123.53</xmax>
			<ymax>1322.79</ymax>
		</bndbox>
	</object>
	<object>
		<name>67</name>
		<pose>Left</pose>
		<truncated>1</truncated>
		<difficult>0</difficult>
		<bndbox>
			<xmin>1064.3</xmin>
			<ymin>965.81</ymin>
			<xmax>1350.71</xmax>
			<ymax>1258.5</ymax>
		</bndbox>
	</object>
	<object>
		<name>67</name>
		<pose>Left</pose>
		<truncated>1</truncated>
		<difficult>0</difficult>
		<bndbox>
			<xmin>1053.0</xmin>
			<ymin>715.84</ymin>
			<xmax>1418.55</xmax>
			<ymax>1024.86</ymax>
		</bndbox>
	</object>
	<object>
		<name>8</name>
		<pose>Left</pose>
		<truncated>1</truncated>
		<difficult>0</difficult>
		<bndbox>
			<xmin>765.69</xmin>
			<ymin>378.29</ymin>
			<xmax>1351.96</xmax>
			<ymax>856.35</ymax>
		</bndbox>
	</object>
	<object>
		<name>8</name>
		<pose>Left</pose>
		<truncated>1</truncated>
		<difficult>0</difficult>
		<bndbox>
			<xmin>877.13</xmin>
			<ymin>11.66</ymin>
			<xmax>1503.78</xmax>
			<ymax>536.56</ymax>
		</bndbox>
	</object>
	<object>
		<name>97</name>
		<pose>Left</pose>
		<truncated>1</truncated>
		<difficult>0</difficult>
		<bndbox>
			<xmin>1330.03</xmin>
			<ymin>992.1</ymin>
			<xmax>1593.45</xmax>
			<ymax>1234.16</ymax>
		</bndbox>
	</object>
	<object>
		<name>186</name>
		<pose>Left</pose>
		<truncated>1</truncated>
		<difficult>0</difficult>
		<bndbox>
			<xmin>1260.61</xmin>
			<ymin>1196.78</ymin>
			<xmax>1780.33</xmax>
			<ymax>1696.93</ymax>
		</bndbox>
	</object>
</annotation>
