<?xml version="1.0" encoding="utf-8"?>
<annotation>
	<folder>VOC2007</folder>
	<filename>000012.jpg</filename>
	<source>
		<database>The VOC2007 Database</database>
		<annotation>PASCAL VOC2007</annotation>
		<image>flickr</image>
		<flickrid>341012865</flickrid>
	</source>
	<owner>
		<flickrid>Fried Camels</flickrid>
		<name>Jinky the Fruit Bat</name>
	</owner>
	<size>
		<width>1841</width>
		<height>1841</height>
		<depth>3</depth>
	</size>
	<segmented>0</segmented>
	<object>
		<name>164</name>
		<pose>Left</pose>
		<truncated>1</truncated>
		<difficult>0</difficult>
		<bndbox>
			<xmin>456.37</xmin>
			<ymin>1459.77</ymin>
			<xmax>724.38</xmax>
			<ymax>1622.58</ymax>
		</bndbox>
	</object>
	<object>
		<name>128</name>
		<pose>Left</pose>
		<truncated>1</truncated>
		<difficult>0</difficult>
		<bndbox>
			<xmin>751.93</xmin>
			<ymin>1402.17</ymin>
			<xmax>1135.16</xmax>
			<ymax>1562.47</ymax>
		</bndbox>
	</object>
	<object>
		<name>192</name>
		<pose>Left</pose>
		<truncated>1</truncated>
		<difficult>0</difficult>
		<bndbox>
			<xmin>1237.86</xmin>
			<ymin>1427.21</ymin>
			<xmax>1443.25</xmax>
			<ymax>1587.51</ymax>
		</bndbox>
	</object>
	<object>
		<name>192</name>
		<pose>Left</pose>
		<truncated>1</truncated>
		<difficult>0</difficult>
		<bndbox>
			<xmin>1365.6</xmin>
			<ymin>1081.55</ymin>
			<xmax>1565.98</xmax>
			<ymax>1301.97</ymax>
		</bndbox>
	</object>
	<object>
		<name>109</name>
		<pose>Left</pose>
		<truncated>1</truncated>
		<difficult>0</difficult>
		<bndbox>
			<xmin>1024.95</xmin>
			<ymin>1139.16</ymin>
			<xmax>1313.0</xmax>
			<ymax>1432.22</ymax>
		</bndbox>
	</object>
	<object>
		<name>66</name>
		<pose>Left</pose>
		<truncated>1</truncated>
		<difficult>0</difficult>
		<bndbox>
			<xmin>401.27</xmin>
			<ymin>1154.19</ymin>
			<xmax>924.77</xmax>
			<ymax>1442.24</ymax>
		</bndbox>
	</object>
	<object>
		<name>95</name>
		<pose>Left</pose>
		<truncated>1</truncated>
		<difficult>0</difficult>
		<bndbox>
			<xmin>614.17</xmin>
			<ymin>1081.55</ymin>
			<xmax>1055.01</xmax>
			<ymax>1296.96</ymax>
		</bndbox>
	</object>
	<object>
		<name>170</name>
		<pose>Left</pose>
		<truncated>1</truncated>
		<difficult>0</difficult>
		<bndbox>
			<xmin>276.03</xmin>
			<ymin>858.63</ymin>
			<xmax>834.59</xmax>
			<ymax>1101.59</ymax>
		</bndbox>
	</object>
	<object>
		<name>164</name>
		<pose>Left</pose>
		<truncated>1</truncated>
		<difficult>0</difficult>
		<bndbox>
			<xmin>411.29</xmin>
			<ymin>733.39</ymin>
			<xmax>659.26</xmax>
			<ymax>921.25</ymax>
		</bndbox>
	</object>
	<object>
		<name>164</name>
		<pose>Left</pose>
		<truncated>1</truncated>
		<difficult>0</difficult>
		<bndbox>
			<xmin>513.98</xmin>
			<ymin>397.75</ymin>
			<xmax>784.49</xmax>
			<ymax>522.99</ymax>
		</bndbox>
	</object>
	<object>
		<name>51</name>
		<pose>Left</pose>
		<truncated>1</truncated>
		<difficult>0</difficult>
		<bndbox>
			<xmin>128.25</xmin>
			<ymin>290.05</ymin>
			<xmax>561.57</xmax>
			<ymax>678.29</ymax>
		</bndbox>
	</object>
	<object>
		<name>109</name>
		<pose>Left</pose>
		<truncated>1</truncated>
		<difficult>0</difficult>
		<bndbox>
			<xmin>807.04</xmin>
			<ymin>943.79</ymin>
			<xmax>1115.13</xmax>
			<ymax>1144.17</ymax>
		</bndbox>
	</object>
	<object>
		<name>51</name>
		<pose>Left</pose>
		<truncated>1</truncated>
		<difficult>0</difficult>
		<bndbox>
			<xmin>726.89</xmin>
			<ymin>563.07</ymin>
			<xmax>1145.19</xmax>
			<ymax>968.84</ymax>
		</bndbox>
	</object>
	<object>
		<name>128</name>
		<pose>Left</pose>
		<truncated>1</truncated>
		<difficult>0</difficult>
		<bndbox>
			<xmin>774.48</xmin>
			<ymin>400.26</ymin>
			<xmax>1150.19</xmax>
			<ymax>578.1</ymax>
		</bndbox>
	</object>
	<object>
		<name>52</name>
		<pose>Left</pose>
		<truncated>1</truncated>
		<difficult>0</difficult>
		<bndbox>
			<xmin>1077.55</xmin>
			<ymin>367.7</ymin>
			<xmax>1505.86</xmax>
			<ymax>843.6</ymax>
		</bndbox>
	</object>
	<object>
		<name>181</name>
		<pose>Left</pose>
		<truncated>1</truncated>
		<difficult>0</difficult>
		<bndbox>
			<xmin>1232.85</xmin>
			<ymin>177.33</ymin>
			<xmax>1716.27</xmax>
			<ymax>550.54</ymax>
		</bndbox>
	</object>
</annotation>
