<?xml version="1.0" encoding="utf-8"?>
<annotation>
	<folder>VOC2007</folder>
	<filename>000021.jpg</filename>
	<source>
		<database>The VOC2007 Database</database>
		<annotation>PASCAL VOC2007</annotation>
		<image>flickr</image>
		<flickrid>341012865</flickrid>
	</source>
	<owner>
		<flickrid>Fried Camels</flickrid>
		<name>Jinky the Fruit Bat</name>
	</owner>
	<size>
		<width>1839</width>
		<height>1839</height>
		<depth>3</depth>
	</size>
	<segmented>0</segmented>
	<object>
		<name>13</name>
		<pose>Left</pose>
		<truncated>1</truncated>
		<difficult>0</difficult>
		<bndbox>
			<xmin>484.7</xmin>
			<ymin>992.63</ymin>
			<xmax>1117.45</xmax>
			<ymax>1602.44</ymax>
		</bndbox>
	</object>
	<object>
		<name>107</name>
		<pose>Left</pose>
		<truncated>1</truncated>
		<difficult>0</difficult>
		<bndbox>
			<xmin>1163.83</xmin>
			<ymin>876.3</ymin>
			<xmax>1448.33</xmax>
			<ymax>1182.89</ymax>
		</bndbox>
	</object>
	<object>
		<name>82</name>
		<pose>Left</pose>
		<truncated>1</truncated>
		<difficult>0</difficult>
		<bndbox>
			<xmin>1069.92</xmin>
			<ymin>1125.81</ymin>
			<xmax>1389.4</xmax>
			<ymax>1379.0</ymax>
		</bndbox>
	</object>
	<object>
		<name>107</name>
		<pose>Left</pose>
		<truncated>1</truncated>
		<difficult>0</difficult>
		<bndbox>
			<xmin>1315.78</xmin>
			<ymin>1057.54</ymin>
			<xmax>1623.65</xmax>
			<ymax>1349.76</ymax>
		</bndbox>
	</object>
	<object>
		<name>107</name>
		<pose>Left</pose>
		<truncated>1</truncated>
		<difficult>0</difficult>
		<bndbox>
			<xmin>1164.09</xmin>
			<ymin>1372.49</ymin>
			<xmax>1423.5</xmax>
			<ymax>1685.11</ymax>
		</bndbox>
	</object>
	<object>
		<name>82</name>
		<pose>Left</pose>
		<truncated>1</truncated>
		<difficult>0</difficult>
		<bndbox>
			<xmin>1319.1</xmin>
			<ymin>1290.86</ymin>
			<xmax>1584.4</xmax>
			<ymax>1609.57</ymax>
		</bndbox>
	</object>
</annotation>
