<?xml version="1.0" encoding="utf-8"?>
<annotation>
	<folder>VOC2007</folder>
	<filename>000007.jpg</filename>
	<source>
		<database>The VOC2007 Database</database>
		<annotation>PASCAL VOC2007</annotation>
		<image>flickr</image>
		<flickrid>341012865</flickrid>
	</source>
	<owner>
		<flickrid>Fried Camels</flickrid>
		<name>Jinky the Fruit Bat</name>
	</owner>
	<size>
		<width>1824</width>
		<height>1824</height>
		<depth>3</depth>
	</size>
	<segmented>0</segmented>
	<object>
		<name>25</name>
		<pose>Left</pose>
		<truncated>1</truncated>
		<difficult>0</difficult>
		<bndbox>
			<xmin>970.8</xmin>
			<ymin>456.14</ymin>
			<xmax>1740.11</xmax>
			<ymax>1394.2</ymax>
		</bndbox>
	</object>
	<object>
		<name>167</name>
		<pose>Left</pose>
		<truncated>1</truncated>
		<difficult>0</difficult>
		<bndbox>
			<xmin>809.49</xmin>
			<ymin>327.09</ymin>
			<xmax>1045.25</xmax>
			<ymax>520.66</ymax>
		</bndbox>
	</object>
	<object>
		<name>167</name>
		<pose>Left</pose>
		<truncated>1</truncated>
		<difficult>0</difficult>
		<bndbox>
			<xmin>931.09</xmin>
			<ymin>520.66</ymin>
			<xmax>1062.62</xmax>
			<ymax>748.97</ymax>
		</bndbox>
	</object>
	<object>
		<name>167</name>
		<pose>Left</pose>
		<truncated>1</truncated>
		<difficult>0</difficult>
		<bndbox>
			<xmin>725.12</xmin>
			<ymin>471.03</ymin>
			<xmax>958.39</xmax>
			<ymax>607.52</ymax>
		</bndbox>
	</object>
	<object>
		<name>143</name>
		<pose>Left</pose>
		<truncated>1</truncated>
		<difficult>0</difficult>
		<bndbox>
			<xmin>392.58</xmin>
			<ymin>205.49</ymin>
			<xmax>831.83</xmax>
			<ymax>473.51</ymax>
		</bndbox>
	</object>
	<object>
		<name>67</name>
		<pose>Left</pose>
		<truncated>1</truncated>
		<difficult>0</difficult>
		<bndbox>
			<xmin>695.34</xmin>
			<ymin>587.67</ymin>
			<xmax>985.69</xmax>
			<ymax>882.98</ymax>
		</bndbox>
	</object>
	<object>
		<name>67</name>
		<pose>Left</pose>
		<truncated>1</truncated>
		<difficult>0</difficult>
		<bndbox>
			<xmin>481.92</xmin>
			<ymin>543.0</ymin>
			<xmax>779.72</xmax>
			<ymax>880.5</ymax>
		</bndbox>
	</object>
	<object>
		<name>48</name>
		<pose>Left</pose>
		<truncated>1</truncated>
		<difficult>0</difficult>
		<bndbox>
			<xmin>737.53</xmin>
			<ymin>865.6</ymin>
			<xmax>1077.51</xmax>
			<ymax>1208.07</ymax>
		</bndbox>
	</object>
	<object>
		<name>48</name>
		<pose>Left</pose>
		<truncated>1</truncated>
		<difficult>0</difficult>
		<bndbox>
			<xmin>367.76</xmin>
			<ymin>783.72</ymin>
			<xmax>722.63</xmax>
			<ymax>1136.11</ymax>
		</bndbox>
	</object>
	<object>
		<name>48</name>
		<pose>Left</pose>
		<truncated>1</truncated>
		<difficult>0</difficult>
		<bndbox>
			<xmin>511.7</xmin>
			<ymin>1131.14</ymin>
			<xmax>874.02</xmax>
			<ymax>1478.57</ymax>
		</bndbox>
	</object>
</annotation>
