<?xml version="1.0" encoding="utf-8"?>
<annotation>
	<folder>VOC2007</folder>
	<filename>000022.jpg</filename>
	<source>
		<database>The VOC2007 Database</database>
		<annotation>PASCAL VOC2007</annotation>
		<image>flickr</image>
		<flickrid>341012865</flickrid>
	</source>
	<owner>
		<flickrid>Fried Camels</flickrid>
		<name>Jinky the Fruit Bat</name>
	</owner>
	<size>
		<width>1865</width>
		<height>1865</height>
		<depth>3</depth>
	</size>
	<segmented>0</segmented>
	<object>
		<name>68</name>
		<pose>Left</pose>
		<truncated>1</truncated>
		<difficult>0</difficult>
		<bndbox>
			<xmin>748.34</xmin>
			<ymin>838.32</ymin>
			<xmax>1197.13</xmax>
			<ymax>1297.76</ymax>
		</bndbox>
	</object>
	<object>
		<name>97</name>
		<pose>Left</pose>
		<truncated>1</truncated>
		<difficult>0</difficult>
		<bndbox>
			<xmin>1107.05</xmin>
			<ymin>323.98</ymin>
			<xmax>1274.11</xmax>
			<ymax>572.37</ymax>
		</bndbox>
	</object>
	<object>
		<name>127</name>
		<pose>Left</pose>
		<truncated>1</truncated>
		<difficult>0</difficult>
		<bndbox>
			<xmin>1311.48</xmin>
			<ymin>293.2</ymin>
			<xmax>1481.84</xmax>
			<ymax>666.89</ymax>
		</bndbox>
	</object>
	<object>
		<name>84</name>
		<pose>Left</pose>
		<truncated>1</truncated>
		<difficult>0</difficult>
		<bndbox>
			<xmin>1103.75</xmin>
			<ymin>1049.36</ymin>
			<xmax>1386.21</xmax>
			<ymax>1494.49</ymax>
		</bndbox>
	</object>
	<object>
		<name>103</name>
		<pose>Left</pose>
		<truncated>1</truncated>
		<difficult>0</difficult>
		<bndbox>
			<xmin>1336.76</xmin>
			<ymin>1058.16</ymin>
			<xmax>1580.75</xmax>
			<ymax>1357.11</ymax>
		</bndbox>
	</object>
</annotation>
