<?xml version="1.0" encoding="utf-8"?>
<annotation>
	<folder>VOC2007</folder>
	<filename>000038.jpg</filename>
	<source>
		<database>The VOC2007 Database</database>
		<annotation>PASCAL VOC2007</annotation>
		<image>flickr</image>
		<flickrid>341012865</flickrid>
	</source>
	<owner>
		<flickrid>Fried Camels</flickrid>
		<name>Jinky the Fruit Bat</name>
	</owner>
	<size>
		<width>1836</width>
		<height>1836</height>
		<depth>3</depth>
	</size>
	<segmented>0</segmented>
	<object>
		<name>139</name>
		<pose>Left</pose>
		<truncated>1</truncated>
		<difficult>0</difficult>
		<bndbox>
			<xmin>402.51</xmin>
			<ymin>702.32</ymin>
			<xmax>588.47</xmax>
			<ymax>949.89</ymax>
		</bndbox>
	</object>
	<object>
		<name>45</name>
		<pose>Left</pose>
		<truncated>1</truncated>
		<difficult>0</difficult>
		<bndbox>
			<xmin>535.65</xmin>
			<ymin>514.16</ymin>
			<xmax>808.53</xmax>
			<ymax>782.64</ymax>
		</bndbox>
	</object>
	<object>
		<name>45</name>
		<pose>Left</pose>
		<truncated>1</truncated>
		<difficult>0</difficult>
		<bndbox>
			<xmin>803.03</xmin>
			<ymin>541.67</ymin>
			<xmax>1075.91</xmax>
			<ymax>809.05</ymax>
		</bndbox>
	</object>
	<object>
		<name>103</name>
		<pose>Left</pose>
		<truncated>1</truncated>
		<difficult>0</difficult>
		<bndbox>
			<xmin>562.06</xmin>
			<ymin>833.25</ymin>
			<xmax>852.55</xmax>
			<ymax>1125.94</ymax>
		</bndbox>
	</object>
	<object>
		<name>104</name>
		<pose>Left</pose>
		<truncated>1</truncated>
		<difficult>0</difficult>
		<bndbox>
			<xmin>719.77</xmin>
			<ymin>419.63</ymin>
			<xmax>986.66</xmax>
			<ymax>590.3</ymax>
		</bndbox>
	</object>
	<object>
		<name>104</name>
		<pose>Left</pose>
		<truncated>1</truncated>
		<difficult>0</difficult>
		<bndbox>
			<xmin>972.91</xmin>
			<ymin>282.19</ymin>
			<xmax>1163.05</xmax>
			<ymax>567.4</ymax>
		</bndbox>
	</object>
	<object>
		<name>104</name>
		<pose>Left</pose>
		<truncated>1</truncated>
		<difficult>0</difficult>
		<bndbox>
			<xmin>849.2</xmin>
			<ymin>909.88</ymin>
			<xmax>1147.01</xmax>
			<ymax>1153.86</ymax>
		</bndbox>
	</object>
	<object>
		<name>139</name>
		<pose>Left</pose>
		<truncated>1</truncated>
		<difficult>0</difficult>
		<bndbox>
			<xmin>1108.65</xmin>
			<ymin>834.36</ymin>
			<xmax>1365.32</xmax>
			<ymax>1040.54</ymax>
		</bndbox>
	</object>
	<object>
		<name>68</name>
		<pose>Left</pose>
		<truncated>1</truncated>
		<difficult>0</difficult>
		<bndbox>
			<xmin>1011.33</xmin>
			<ymin>395.25</ymin>
			<xmax>1487.09</xmax>
			<ymax>914.14</ymax>
		</bndbox>
	</object>
	<object>
		<name>68</name>
		<pose>Left</pose>
		<truncated>1</truncated>
		<difficult>0</difficult>
		<bndbox>
			<xmin>809.61</xmin>
			<ymin>1074.12</ymin>
			<xmax>1232.51</xmax>
			<ymax>1526.23</ymax>
		</bndbox>
	</object>
</annotation>
