<?xml version="1.0" encoding="utf-8"?>
<annotation>
	<folder>VOC2007</folder>
	<filename>000054.jpg</filename>
	<source>
		<database>The VOC2007 Database</database>
		<annotation>PASCAL VOC2007</annotation>
		<image>flickr</image>
		<flickrid>341012865</flickrid>
	</source>
	<owner>
		<flickrid>Fried Camels</flickrid>
		<name>Jinky the Fruit Bat</name>
	</owner>
	<size>
		<width>1825</width>
		<height>1825</height>
		<depth>3</depth>
	</size>
	<segmented>0</segmented>
	<object>
		<name>48</name>
		<pose>Left</pose>
		<truncated>1</truncated>
		<difficult>0</difficult>
		<bndbox>
			<xmin>188.31</xmin>
			<ymin>990.84</ymin>
			<xmax>542.79</xmax>
			<ymax>1340.91</ymax>
		</bndbox>
	</object>
	<object>
		<name>48</name>
		<pose>Left</pose>
		<truncated>1</truncated>
		<difficult>0</difficult>
		<bndbox>
			<xmin>298.71</xmin>
			<ymin>654.6</ymin>
			<xmax>645.48</xmax>
			<ymax>1009.86</ymax>
		</bndbox>
	</object>
	<object>
		<name>48</name>
		<pose>Left</pose>
		<truncated>1</truncated>
		<difficult>0</difficult>
		<bndbox>
			<xmin>363.82</xmin>
			<ymin>312.07</ymin>
			<xmax>714.84</xmax>
			<ymax>665.92</ymax>
		</bndbox>
	</object>
	<object>
		<name>57</name>
		<pose>Left</pose>
		<truncated>1</truncated>
		<difficult>0</difficult>
		<bndbox>
			<xmin>636.99</xmin>
			<ymin>1042.42</ymin>
			<xmax>1041.79</xmax>
			<ymax>1304.27</ymax>
		</bndbox>
	</object>
	<object>
		<name>57</name>
		<pose>Left</pose>
		<truncated>1</truncated>
		<difficult>0</difficult>
		<bndbox>
			<xmin>617.17</xmin>
			<ymin>786.23</ymin>
			<xmax>1024.8</xmax>
			<ymax>1056.57</ymax>
		</bndbox>
	</object>
	<object>
		<name>137</name>
		<pose>Left</pose>
		<truncated>1</truncated>
		<difficult>0</difficult>
		<bndbox>
			<xmin>709.17</xmin>
			<ymin>238.48</ymin>
			<xmax>938.46</xmax>
			<ymax>467.77</ymax>
		</bndbox>
	</object>
	<object>
		<name>173</name>
		<pose>Left</pose>
		<truncated>1</truncated>
		<difficult>0</difficult>
		<bndbox>
			<xmin>873.36</xmin>
			<ymin>1086.3</ymin>
			<xmax>1344.69</xmax>
			<ymax>1516.58</ymax>
		</bndbox>
	</object>
	<object>
		<name>137</name>
		<pose>Left</pose>
		<truncated>1</truncated>
		<difficult>0</difficult>
		<bndbox>
			<xmin>1142.28</xmin>
			<ymin>1012.69</ymin>
			<xmax>1327.7</xmax>
			<ymax>1145.74</ymax>
		</bndbox>
	</object>
	<object>
		<name>145</name>
		<pose>Left</pose>
		<truncated>1</truncated>
		<difficult>0</difficult>
		<bndbox>
			<xmin>1125.3</xmin>
			<ymin>947.58</ymin>
			<xmax>1381.49</xmax>
			<ymax>1019.77</ymax>
		</bndbox>
	</object>
	<object>
		<name>192</name>
		<pose>Left</pose>
		<truncated>1</truncated>
		<difficult>0</difficult>
		<bndbox>
			<xmin>1129.54</xmin>
			<ymin>769.25</ymin>
			<xmax>1276.74</xmax>
			<ymax>958.91</ymax>
		</bndbox>
	</object>
	<object>
		<name>192</name>
		<pose>Left</pose>
		<truncated>1</truncated>
		<difficult>0</difficult>
		<bndbox>
			<xmin>921.48</xmin>
			<ymin>677.24</ymin>
			<xmax>1112.56</xmax>
			<ymax>810.29</ymax>
		</bndbox>
	</object>
	<object>
		<name>192</name>
		<pose>Left</pose>
		<truncated>1</truncated>
		<difficult>0</difficult>
		<bndbox>
			<xmin>910.16</xmin>
			<ymin>547.03</ymin>
			<xmax>1092.75</xmax>
			<ymax>678.66</ymax>
		</bndbox>
	</object>
	<object>
		<name>145</name>
		<pose>Left</pose>
		<truncated>1</truncated>
		<difficult>0</difficult>
		<bndbox>
			<xmin>1077.18</xmin>
			<ymin>510.23</ymin>
			<xmax>1265.43</xmax>
			<ymax>740.94</ymax>
		</bndbox>
	</object>
	<object>
		<name>145</name>
		<pose>Left</pose>
		<truncated>1</truncated>
		<difficult>0</difficult>
		<bndbox>
			<xmin>934.22</xmin>
			<ymin>411.15</ymin>
			<xmax>1193.24</xmax>
			<ymax>525.8</ymax>
		</bndbox>
	</object>
</annotation>
