<?xml version="1.0" encoding="utf-8"?>
<annotation>
	<folder>VOC2007</folder>
	<filename>000003.jpg</filename>
	<source>
		<database>The VOC2007 Database</database>
		<annotation>PASCAL VOC2007</annotation>
		<image>flickr</image>
		<flickrid>341012865</flickrid>
	</source>
	<owner>
		<flickrid>Fried Camels</flickrid>
		<name>Jinky the Fruit Bat</name>
	</owner>
	<size>
		<width>1850</width>
		<height>1850</height>
		<depth>3</depth>
	</size>
	<segmented>0</segmented>
	<object>
		<name>58</name>
		<pose>Left</pose>
		<truncated>1</truncated>
		<difficult>0</difficult>
		<bndbox>
			<xmin>138.95</xmin>
			<ymin>1041.53</ymin>
			<xmax>476.23</xmax>
			<ymax>1341.05</ymax>
		</bndbox>
	</object>
	<object>
		<name>58</name>
		<pose>Left</pose>
		<truncated>1</truncated>
		<difficult>0</difficult>
		<bndbox>
			<xmin>373.03</xmin>
			<ymin>1177.44</ymin>
			<xmax>592.01</xmax>
			<ymax>1534.86</ymax>
		</bndbox>
	</object>
	<object>
		<name>126</name>
		<pose>Left</pose>
		<truncated>1</truncated>
		<difficult>0</difficult>
		<bndbox>
			<xmin>559.29</xmin>
			<ymin>1469.42</ymin>
			<xmax>894.05</xmax>
			<ymax>1643.09</ymax>
		</bndbox>
	</object>
	<object>
		<name>126</name>
		<pose>Left</pose>
		<truncated>1</truncated>
		<difficult>0</difficult>
		<bndbox>
			<xmin>586.98</xmin>
			<ymin>1313.36</ymin>
			<xmax>951.95</xmax>
			<ymax>1512.2</ymax>
		</bndbox>
	</object>
	<object>
		<name>126</name>
		<pose>Left</pose>
		<truncated>1</truncated>
		<difficult>0</difficult>
		<bndbox>
			<xmin>617.18</xmin>
			<ymin>1142.21</ymin>
			<xmax>967.04</xmax>
			<ymax>1323.43</ymax>
		</bndbox>
	</object>
	<object>
		<name>82</name>
		<pose>Left</pose>
		<truncated>1</truncated>
		<difficult>0</difficult>
		<bndbox>
			<xmin>508.95</xmin>
			<ymin>971.04</ymin>
			<xmax>810.99</xmax>
			<ymax>1159.82</ymax>
		</bndbox>
	</object>
	<object>
		<name>28</name>
		<pose>Left</pose>
		<truncated>1</truncated>
		<difficult>0</difficult>
		<bndbox>
			<xmin>113.78</xmin>
			<ymin>470.17</ymin>
			<xmax>798.41</xmax>
			<ymax>930.78</ymax>
		</bndbox>
	</object>
	<object>
		<name>28</name>
		<pose>Left</pose>
		<truncated>1</truncated>
		<difficult>0</difficult>
		<bndbox>
			<xmin>101.2</xmin>
			<ymin>97.64</ymin>
			<xmax>800.93</xmax>
			<ymax>570.84</ymax>
		</bndbox>
	</object>
	<object>
		<name>144</name>
		<pose>Left</pose>
		<truncated>1</truncated>
		<difficult>0</difficult>
		<bndbox>
			<xmin>1123.1</xmin>
			<ymin>1361.18</ymin>
			<xmax>1332.01</xmax>
			<ymax>1532.34</ymax>
		</bndbox>
	</object>
	<object>
		<name>144</name>
		<pose>Left</pose>
		<truncated>1</truncated>
		<difficult>0</difficult>
		<bndbox>
			<xmin>1226.3</xmin>
			<ymin>1406.49</ymin>
			<xmax>1447.8</xmax>
			<ymax>1580.16</ymax>
		</bndbox>
	</object>
	<object>
		<name>166</name>
		<pose>Left</pose>
		<truncated>1</truncated>
		<difficult>0</difficult>
		<bndbox>
			<xmin>1017.39</xmin>
			<ymin>1071.73</ymin>
			<xmax>1309.36</xmax>
			<ymax>1255.47</ymax>
		</bndbox>
	</object>
	<object>
		<name>166</name>
		<pose>Left</pose>
		<truncated>1</truncated>
		<difficult>0</difficult>
		<bndbox>
			<xmin>994.73</xmin>
			<ymin>978.6</ymin>
			<xmax>1271.6</xmax>
			<ymax>1182.48</ymax>
		</bndbox>
	</object>
	<object>
		<name>11</name>
		<pose>Left</pose>
		<truncated>1</truncated>
		<difficult>0</difficult>
		<bndbox>
			<xmin>649.9</xmin>
			<ymin>550.71</ymin>
			<xmax>1251.46</xmax>
			<ymax>1179.96</ymax>
		</bndbox>
	</object>
	<object>
		<name>28</name>
		<pose>Left</pose>
		<truncated>1</truncated>
		<difficult>0</difficult>
		<bndbox>
			<xmin>1168.41</xmin>
			<ymin>656.42</ymin>
			<xmax>1797.66</xmax>
			<ymax>1424.11</ymax>
		</bndbox>
	</object>
	<object>
		<name>8</name>
		<pose>Left</pose>
		<truncated>1</truncated>
		<difficult>0</difficult>
		<bndbox>
			<xmin>924.26</xmin>
			<ymin>188.26</ymin>
			<xmax>1568.61</xmax>
			<ymax>792.34</ymax>
		</bndbox>
	</object>
</annotation>
