<?xml version="1.0" encoding="utf-8"?>
<annotation>
	<folder>VOC2007</folder>
	<filename>000047.jpg</filename>
	<source>
		<database>The VOC2007 Database</database>
		<annotation>PASCAL VOC2007</annotation>
		<image>flickr</image>
		<flickrid>341012865</flickrid>
	</source>
	<owner>
		<flickrid>Fried Camels</flickrid>
		<name>Jinky the Fruit Bat</name>
	</owner>
	<size>
		<width>1852</width>
		<height>1852</height>
		<depth>3</depth>
	</size>
	<segmented>0</segmented>
	<object>
		<name>23</name>
		<pose>Left</pose>
		<truncated>1</truncated>
		<difficult>0</difficult>
		<bndbox>
			<xmin>153.38</xmin>
			<ymin>685.18</ymin>
			<xmax>910.86</xmax>
			<ymax>1476.35</ymax>
		</bndbox>
	</object>
	<object>
		<name>23</name>
		<pose>Left</pose>
		<truncated>1</truncated>
		<difficult>0</difficult>
		<bndbox>
			<xmin>465.61</xmin>
			<ymin>124.84</ymin>
			<xmax>1047.32</xmax>
			<ymax>840.43</ymax>
		</bndbox>
	</object>
	<object>
		<name>162</name>
		<pose>Left</pose>
		<truncated>1</truncated>
		<difficult>0</difficult>
		<bndbox>
			<xmin>663.01</xmin>
			<ymin>989.28</ymin>
			<xmax>926.42</xmax>
			<ymax>1396.31</ymax>
		</bndbox>
	</object>
	<object>
		<name>142</name>
		<pose>Left</pose>
		<truncated>1</truncated>
		<difficult>0</difficult>
		<bndbox>
			<xmin>1028.08</xmin>
			<ymin>1320.69</ymin>
			<xmax>1409.54</xmax>
			<ymax>1779.74</ymax>
		</bndbox>
	</object>
	<object>
		<name>162</name>
		<pose>Left</pose>
		<truncated>1</truncated>
		<difficult>0</difficult>
		<bndbox>
			<xmin>903.01</xmin>
			<ymin>1035.53</ymin>
			<xmax>1327.2</xmax>
			<ymax>1203.38</ymax>
		</bndbox>
	</object>
	<object>
		<name>99</name>
		<pose>Left</pose>
		<truncated>1</truncated>
		<difficult>0</difficult>
		<bndbox>
			<xmin>1056.06</xmin>
			<ymin>634.58</ymin>
			<xmax>1255.24</xmax>
			<ymax>990.26</ymax>
		</bndbox>
	</object>
	<object>
		<name>142</name>
		<pose>Left</pose>
		<truncated>1</truncated>
		<difficult>0</difficult>
		<bndbox>
			<xmin>1155.81</xmin>
			<ymin>806.53</ymin>
			<xmax>1546.88</xmax>
			<ymax>1262.56</ymax>
		</bndbox>
	</object>
	<object>
		<name>136</name>
		<pose>Left</pose>
		<truncated>1</truncated>
		<difficult>0</difficult>
		<bndbox>
			<xmin>1321.18</xmin>
			<ymin>527.63</ymin>
			<xmax>1523.99</xmax>
			<ymax>741.78</ymax>
		</bndbox>
	</object>
	<object>
		<name>136</name>
		<pose>Left</pose>
		<truncated>1</truncated>
		<difficult>0</difficult>
		<bndbox>
			<xmin>1517.92</xmin>
			<ymin>623.04</ymin>
			<xmax>1737.3</xmax>
			<ymax>831.6</ymax>
		</bndbox>
	</object>
</annotation>
