<?xml version="1.0" encoding="utf-8"?>
<annotation>
	<folder>VOC2007</folder>
	<filename>000046.jpg</filename>
	<source>
		<database>The VOC2007 Database</database>
		<annotation>PASCAL VOC2007</annotation>
		<image>flickr</image>
		<flickrid>341012865</flickrid>
	</source>
	<owner>
		<flickrid>Fried Camels</flickrid>
		<name>Jinky the Fruit Bat</name>
	</owner>
	<size>
		<width>1858</width>
		<height>1858</height>
		<depth>3</depth>
	</size>
	<segmented>0</segmented>
	<object>
		<name>16</name>
		<pose>Left</pose>
		<truncated>1</truncated>
		<difficult>0</difficult>
		<bndbox>
			<xmin>209.77</xmin>
			<ymin>129.62</ymin>
			<xmax>747.18</xmax>
			<ymax>764.75</ymax>
		</bndbox>
	</object>
	<object>
		<name>42</name>
		<pose>Left</pose>
		<truncated>1</truncated>
		<difficult>0</difficult>
		<bndbox>
			<xmin>603.33</xmin>
			<ymin>348.12</ymin>
			<xmax>1051.18</xmax>
			<ymax>877.39</ymax>
		</bndbox>
	</object>
	<object>
		<name>36</name>
		<pose>Left</pose>
		<truncated>1</truncated>
		<difficult>0</difficult>
		<bndbox>
			<xmin>599.26</xmin>
			<ymin>985.96</ymin>
			<xmax>1009.11</xmax>
			<ymax>1254.67</ymax>
		</bndbox>
	</object>
	<object>
		<name>42</name>
		<pose>Left</pose>
		<truncated>1</truncated>
		<difficult>0</difficult>
		<bndbox>
			<xmin>539.55</xmin>
			<ymin>1399.88</ymin>
			<xmax>950.75</xmax>
			<ymax>1853.15</ymax>
		</bndbox>
	</object>
	<object>
		<name>89</name>
		<pose>Left</pose>
		<truncated>1</truncated>
		<difficult>0</difficult>
		<bndbox>
			<xmin>976.53</xmin>
			<ymin>715.9</ymin>
			<xmax>1429.8</xmax>
			<ymax>1142.03</ymax>
		</bndbox>
	</object>
	<object>
		<name>89</name>
		<pose>Left</pose>
		<truncated>1</truncated>
		<difficult>0</difficult>
		<bndbox>
			<xmin>953.46</xmin>
			<ymin>521.83</ymin>
			<xmax>1471.87</xmax>
			<ymax>819.04</ymax>
		</bndbox>
	</object>
	<object>
		<name>42</name>
		<pose>Left</pose>
		<truncated>1</truncated>
		<difficult>0</difficult>
		<bndbox>
			<xmin>848.97</xmin>
			<ymin>1123.03</ymin>
			<xmax>1404.03</xmax>
			<ymax>1623.8</ymax>
		</bndbox>
	</object>
	<object>
		<name>16</name>
		<pose>Left</pose>
		<truncated>1</truncated>
		<difficult>0</difficult>
		<bndbox>
			<xmin>1083.75</xmin>
			<ymin>827.18</ymin>
			<xmax>1767.73</xmax>
			<ymax>1436.52</ymax>
		</bndbox>
	</object>
</annotation>
