<?xml version="1.0" encoding="utf-8"?>
<annotation>
	<folder>VOC2007</folder>
	<filename>000013.jpg</filename>
	<source>
		<database>The VOC2007 Database</database>
		<annotation>PASCAL VOC2007</annotation>
		<image>flickr</image>
		<flickrid>341012865</flickrid>
	</source>
	<owner>
		<flickrid>Fried Camels</flickrid>
		<name>Jinky the Fruit Bat</name>
	</owner>
	<size>
		<width>1845</width>
		<height>1845</height>
		<depth>3</depth>
	</size>
	<segmented>0</segmented>
	<object>
		<name>169</name>
		<pose>Left</pose>
		<truncated>1</truncated>
		<difficult>0</difficult>
		<bndbox>
			<xmin>193.26</xmin>
			<ymin>903.22</ymin>
			<xmax>764.03</xmax>
			<ymax>1243.68</ymax>
		</bndbox>
	</object>
	<object>
		<name>169</name>
		<pose>Left</pose>
		<truncated>1</truncated>
		<difficult>0</difficult>
		<bndbox>
			<xmin>894.21</xmin>
			<ymin>740.5</ymin>
			<xmax>1086.97</xmax>
			<ymax>1318.78</ymax>
		</bndbox>
	</object>
	<object>
		<name>169</name>
		<pose>Left</pose>
		<truncated>1</truncated>
		<difficult>0</difficult>
		<bndbox>
			<xmin>561.26</xmin>
			<ymin>570.27</ymin>
			<xmax>1104.5</xmax>
			<ymax>915.74</ymax>
		</bndbox>
	</object>
	<object>
		<name>130</name>
		<pose>Left</pose>
		<truncated>1</truncated>
		<difficult>0</difficult>
		<bndbox>
			<xmin>473.64</xmin>
			<ymin>312.42</ymin>
			<xmax>784.06</xmax>
			<ymax>642.87</ymax>
		</bndbox>
	</object>
	<object>
		<name>130</name>
		<pose>Left</pose>
		<truncated>1</truncated>
		<difficult>0</difficult>
		<bndbox>
			<xmin>984.34</xmin>
			<ymin>349.97</ymin>
			<xmax>1262.22</xmax>
			<ymax>707.96</ymax>
		</bndbox>
	</object>
	<object>
		<name>130</name>
		<pose>Left</pose>
		<truncated>1</truncated>
		<difficult>0</difficult>
		<bndbox>
			<xmin>1635.22</xmin>
			<ymin>1311.27</ymin>
			<xmax>1785.42</xmax>
			<ymax>1706.81</ymax>
		</bndbox>
	</object>
	<object>
		<name>125</name>
		<pose>Left</pose>
		<truncated>1</truncated>
		<difficult>0</difficult>
		<bndbox>
			<xmin>278.38</xmin>
			<ymin>640.36</ymin>
			<xmax>613.83</xmax>
			<ymax>1013.37</ymax>
		</bndbox>
	</object>
	<object>
		<name>125</name>
		<pose>Left</pose>
		<truncated>1</truncated>
		<difficult>0</difficult>
		<bndbox>
			<xmin>1149.56</xmin>
			<ymin>1571.63</ymin>
			<xmax>1525.07</xmax>
			<ymax>1771.9</ymax>
		</bndbox>
	</object>
	<object>
		<name>139</name>
		<pose>Left</pose>
		<truncated>1</truncated>
		<difficult>0</difficult>
		<bndbox>
			<xmin>463.63</xmin>
			<ymin>1218.65</ymin>
			<xmax>721.48</xmax>
			<ymax>1433.94</ymax>
		</bndbox>
	</object>
	<object>
		<name>117</name>
		<pose>Left</pose>
		<truncated>1</truncated>
		<difficult>0</difficult>
		<bndbox>
			<xmin>751.52</xmin>
			<ymin>1353.83</ymin>
			<xmax>1049.42</xmax>
			<ymax>1646.73</ymax>
		</bndbox>
	</object>
	<object>
		<name>117</name>
		<pose>Left</pose>
		<truncated>1</truncated>
		<difficult>0</difficult>
		<bndbox>
			<xmin>1199.63</xmin>
			<ymin>357.48</ymin>
			<xmax>1512.55</xmax>
			<ymax>632.85</ymax>
		</bndbox>
	</object>
	<object>
		<name>25</name>
		<pose>Left</pose>
		<truncated>1</truncated>
		<difficult>0</difficult>
		<bndbox>
			<xmin>1019.38</xmin>
			<ymin>705.45</ymin>
			<xmax>1697.8</xmax>
			<ymax>1576.63</ymax>
		</bndbox>
	</object>
</annotation>
