<?xml version="1.0" encoding="utf-8"?>
<annotation>
	<folder>VOC2007</folder>
	<filename>000026.jpg</filename>
	<source>
		<database>The VOC2007 Database</database>
		<annotation>PASCAL VOC2007</annotation>
		<image>flickr</image>
		<flickrid>341012865</flickrid>
	</source>
	<owner>
		<flickrid>Fried Camels</flickrid>
		<name>Jinky the Fruit Bat</name>
	</owner>
	<size>
		<width>1826</width>
		<height>1826</height>
		<depth>3</depth>
	</size>
	<segmented>0</segmented>
	<object>
		<name>111</name>
		<pose>Left</pose>
		<truncated>1</truncated>
		<difficult>0</difficult>
		<bndbox>
			<xmin>541.44</xmin>
			<ymin>357.16</ymin>
			<xmax>799.74</xmax>
			<ymax>710.38</ymax>
		</bndbox>
	</object>
	<object>
		<name>29</name>
		<pose>Left</pose>
		<truncated>1</truncated>
		<difficult>0</difficult>
		<bndbox>
			<xmin>667.48</xmin>
			<ymin>550.11</ymin>
			<xmax>1124.95</xmax>
			<ymax>1121.17</ymax>
		</bndbox>
	</object>
	<object>
		<name>112</name>
		<pose>Left</pose>
		<truncated>1</truncated>
		<difficult>0</difficult>
		<bndbox>
			<xmin>969.35</xmin>
			<ymin>557.89</ymin>
			<xmax>1210.53</xmax>
			<ymax>741.5</ymax>
		</bndbox>
	</object>
	<object>
		<name>111</name>
		<pose>Left</pose>
		<truncated>1</truncated>
		<difficult>0</difficult>
		<bndbox>
			<xmin>1058.04</xmin>
			<ymin>330.71</ymin>
			<xmax>1425.26</xmax>
			<ymax>627.91</ymax>
		</bndbox>
	</object>
	<object>
		<name>109</name>
		<pose>Left</pose>
		<truncated>1</truncated>
		<difficult>0</difficult>
		<bndbox>
			<xmin>1045.6</xmin>
			<ymin>679.27</ymin>
			<xmax>1345.91</xmax>
			<ymax>876.88</ymax>
		</bndbox>
	</object>
	<object>
		<name>112</name>
		<pose>Left</pose>
		<truncated>1</truncated>
		<difficult>0</difficult>
		<bndbox>
			<xmin>1076.72</xmin>
			<ymin>862.88</ymin>
			<xmax>1317.9</xmax>
			<ymax>1037.15</ymax>
		</bndbox>
	</object>
	<object>
		<name>109</name>
		<pose>Left</pose>
		<truncated>1</truncated>
		<difficult>0</difficult>
		<bndbox>
			<xmin>947.57</xmin>
			<ymin>992.02</ymin>
			<xmax>1218.32</xmax>
			<ymax>1293.89</ymax>
		</bndbox>
	</object>
</annotation>
