<?xml version="1.0" encoding="utf-8"?>
<annotation>
	<folder>VOC2007</folder>
	<filename>000033.jpg</filename>
	<source>
		<database>The VOC2007 Database</database>
		<annotation>PASCAL VOC2007</annotation>
		<image>flickr</image>
		<flickrid>341012865</flickrid>
	</source>
	<owner>
		<flickrid>Fried Camels</flickrid>
		<name>Jinky the Fruit Bat</name>
	</owner>
	<size>
		<width>1853</width>
		<height>1853</height>
		<depth>3</depth>
	</size>
	<segmented>0</segmented>
	<object>
		<name>169</name>
		<pose>Left</pose>
		<truncated>1</truncated>
		<difficult>0</difficult>
		<bndbox>
			<xmin>1112.32</xmin>
			<ymin>407.89</ymin>
			<xmax>1465.27</xmax>
			<ymax>982.7</ymax>
		</bndbox>
	</object>
	<object>
		<name>119</name>
		<pose>Left</pose>
		<truncated>1</truncated>
		<difficult>0</difficult>
		<bndbox>
			<xmin>797.19</xmin>
			<ymin>365.04</ymin>
			<xmax>1147.62</xmax>
			<ymax>602.02</ymax>
		</bndbox>
	</object>
	<object>
		<name>119</name>
		<pose>Left</pose>
		<truncated>1</truncated>
		<difficult>0</difficult>
		<bndbox>
			<xmin>865.25</xmin>
			<ymin>523.86</ymin>
			<xmax>1213.16</xmax>
			<ymax>770.93</ymax>
		</bndbox>
	</object>
	<object>
		<name>168</name>
		<pose>Left</pose>
		<truncated>1</truncated>
		<difficult>0</difficult>
		<bndbox>
			<xmin>1001.39</xmin>
			<ymin>733.11</ymin>
			<xmax>1273.67</xmax>
			<ymax>932.28</ymax>
		</bndbox>
	</object>
	<object>
		<name>38</name>
		<pose>Left</pose>
		<truncated>1</truncated>
		<difficult>0</difficult>
		<bndbox>
			<xmin>676.17</xmin>
			<ymin>584.37</ymin>
			<xmax>991.31</xmax>
			<ymax>881.86</ymax>
		</bndbox>
	</object>
	<object>
		<name>117</name>
		<pose>Left</pose>
		<truncated>1</truncated>
		<difficult>0</difficult>
		<bndbox>
			<xmin>986.27</xmin>
			<ymin>851.61</ymin>
			<xmax>1283.76</xmax>
			<ymax>1083.55</ymax>
		</bndbox>
	</object>
	<object>
		<name>53</name>
		<pose>Left</pose>
		<truncated>1</truncated>
		<difficult>0</difficult>
		<bndbox>
			<xmin>1160.22</xmin>
			<ymin>985.23</ymin>
			<xmax>1553.51</xmax>
			<ymax>1436.5</ymax>
		</bndbox>
	</object>
	<object>
		<name>169</name>
		<pose>Left</pose>
		<truncated>1</truncated>
		<difficult>0</difficult>
		<bndbox>
			<xmin>678.69</xmin>
			<ymin>828.92</ymin>
			<xmax>1198.03</xmax>
			<ymax>1229.77</ymax>
		</bndbox>
	</object>
	<object>
		<name>117</name>
		<pose>Left</pose>
		<truncated>1</truncated>
		<difficult>0</difficult>
		<bndbox>
			<xmin>799.71</xmin>
			<ymin>1075.99</ymin>
			<xmax>1104.76</xmax>
			<ymax>1340.7</ymax>
		</bndbox>
	</object>
	<object>
		<name>143</name>
		<pose>Left</pose>
		<truncated>1</truncated>
		<difficult>0</difficult>
		<bndbox>
			<xmin>424.06</xmin>
			<ymin>813.79</ymin>
			<xmax>855.17</xmax>
			<ymax>1257.5</ymax>
		</bndbox>
	</object>
	<object>
		<name>119</name>
		<pose>Left</pose>
		<truncated>1</truncated>
		<difficult>0</difficult>
		<bndbox>
			<xmin>870.3</xmin>
			<ymin>1237.34</ymin>
			<xmax>1215.69</xmax>
			<ymax>1519.7</ymax>
		</bndbox>
	</object>
	<object>
		<name>117</name>
		<pose>Left</pose>
		<truncated>1</truncated>
		<difficult>0</difficult>
		<bndbox>
			<xmin>1069.46</xmin>
			<ymin>1353.31</ymin>
			<xmax>1331.65</xmax>
			<ymax>1638.19</ymax>
		</bndbox>
	</object>
	<object>
		<name>38</name>
		<pose>Left</pose>
		<truncated>1</truncated>
		<difficult>0</difficult>
		<bndbox>
			<xmin>862.73</xmin>
			<ymin>1436.5</ymin>
			<xmax>1203.08</xmax>
			<ymax>1786.93</ymax>
		</bndbox>
	</object>
	<object>
		<name>17</name>
		<pose>Left</pose>
		<truncated>1</truncated>
		<difficult>0</difficult>
		<bndbox>
			<xmin>330.78</xmin>
			<ymin>1297.84</ymin>
			<xmax>910.63</xmax>
			<ymax>1764.24</ymax>
		</bndbox>
	</object>
</annotation>
