<?xml version="1.0" encoding="utf-8"?>
<annotation>
	<folder>VOC2007</folder>
	<filename>000032.jpg</filename>
	<source>
		<database>The VOC2007 Database</database>
		<annotation>PASCAL VOC2007</annotation>
		<image>flickr</image>
		<flickrid>341012865</flickrid>
	</source>
	<owner>
		<flickrid>Fried Camels</flickrid>
		<name>Jinky the Fruit Bat</name>
	</owner>
	<size>
		<width>1844</width>
		<height>1844</height>
		<depth>3</depth>
	</size>
	<segmented>0</segmented>
	<object>
		<name>122</name>
		<pose>Left</pose>
		<truncated>1</truncated>
		<difficult>0</difficult>
		<bndbox>
			<xmin>492.81</xmin>
			<ymin>494.55</ymin>
			<xmax>843.29</xmax>
			<ymax>614.89</ymax>
		</bndbox>
	</object>
	<object>
		<name>105</name>
		<pose>Left</pose>
		<truncated>1</truncated>
		<difficult>0</difficult>
		<bndbox>
			<xmin>811.7</xmin>
			<ymin>249.37</ymin>
			<xmax>1095.99</xmax>
			<ymax>464.47</ymax>
		</bndbox>
	</object>
	<object>
		<name>105</name>
		<pose>Left</pose>
		<truncated>1</truncated>
		<difficult>0</difficult>
		<bndbox>
			<xmin>906.46</xmin>
			<ymin>420.85</ymin>
			<xmax>1199.78</xmax>
			<ymax>711.16</ymax>
		</bndbox>
	</object>
	<object>
		<name>105</name>
		<pose>Left</pose>
		<truncated>1</truncated>
		<difficult>0</difficult>
		<bndbox>
			<xmin>1089.97</xmin>
			<ymin>729.21</ymin>
			<xmax>1395.32</xmax>
			<ymax>963.86</ymax>
		</bndbox>
	</object>
	<object>
		<name>122</name>
		<pose>Left</pose>
		<truncated>1</truncated>
		<difficult>0</difficult>
		<bndbox>
			<xmin>1016.48</xmin>
			<ymin>549.67</ymin>
			<xmax>1358.15</xmax>
			<ymax>835.9</ymax>
		</bndbox>
	</object>
	<object>
		<name>96</name>
		<pose>Left</pose>
		<truncated>1</truncated>
		<difficult>0</difficult>
		<bndbox>
			<xmin>1178.94</xmin>
			<ymin>816.56</ymin>
			<xmax>1555.42</xmax>
			<ymax>1207.22</ymax>
		</bndbox>
	</object>
	<object>
		<name>21</name>
		<pose>Left</pose>
		<truncated>1</truncated>
		<difficult>0</difficult>
		<bndbox>
			<xmin>492.84</xmin>
			<ymin>595.35</ymin>
			<xmax>1044.85</xmax>
			<ymax>986.56</ymax>
		</bndbox>
	</object>
	<object>
		<name>21</name>
		<pose>Left</pose>
		<truncated>1</truncated>
		<difficult>0</difficult>
		<bndbox>
			<xmin>638.72</xmin>
			<ymin>994.85</ymin>
			<xmax>1194.04</xmax>
			<ymax>1354.57</ymax>
		</bndbox>
	</object>
</annotation>
