<?xml version="1.0" encoding="utf-8"?>
<annotation>
	<folder>VOC2007</folder>
	<filename>000030.jpg</filename>
	<source>
		<database>The VOC2007 Database</database>
		<annotation>PASCAL VOC2007</annotation>
		<image>flickr</image>
		<flickrid>341012865</flickrid>
	</source>
	<owner>
		<flickrid>Fried Camels</flickrid>
		<name>Jinky the Fruit Bat</name>
	</owner>
	<size>
		<width>1839</width>
		<height>1839</height>
		<depth>3</depth>
	</size>
	<segmented>0</segmented>
	<object>
		<name>4</name>
		<pose>Left</pose>
		<truncated>1</truncated>
		<difficult>0</difficult>
		<bndbox>
			<xmin>303.25</xmin>
			<ymin>950.28</ymin>
			<xmax>928.76</xmax>
			<ymax>1555.77</ymax>
		</bndbox>
	</object>
	<object>
		<name>4</name>
		<pose>Left</pose>
		<truncated>1</truncated>
		<difficult>0</difficult>
		<bndbox>
			<xmin>178.15</xmin>
			<ymin>592.48</ymin>
			<xmax>721.09</xmax>
			<ymax>1060.36</ymax>
		</bndbox>
	</object>
	<object>
		<name>15</name>
		<pose>Left</pose>
		<truncated>1</truncated>
		<difficult>0</difficult>
		<bndbox>
			<xmin>185.65</xmin>
			<ymin>162.13</ymin>
			<xmax>691.06</xmax>
			<ymax>610.0</ymax>
		</bndbox>
	</object>
	<object>
		<name>15</name>
		<pose>Left</pose>
		<truncated>1</truncated>
		<difficult>0</difficult>
		<bndbox>
			<xmin>656.04</xmin>
			<ymin>159.63</ymin>
			<xmax>1083.89</xmax>
			<ymax>610.0</ymax>
		</bndbox>
	</object>
	<object>
		<name>15</name>
		<pose>Left</pose>
		<truncated>1</truncated>
		<difficult>0</difficult>
		<bndbox>
			<xmin>1038.85</xmin>
			<ymin>154.62</ymin>
			<xmax>1536.76</xmax>
			<ymax>582.47</ymax>
		</bndbox>
	</object>
	<object>
		<name>161</name>
		<pose>Left</pose>
		<truncated>1</truncated>
		<difficult>0</difficult>
		<bndbox>
			<xmin>663.54</xmin>
			<ymin>572.47</ymin>
			<xmax>818.67</xmax>
			<ymax>1005.32</ymax>
		</bndbox>
	</object>
	<object>
		<name>161</name>
		<pose>Left</pose>
		<truncated>1</truncated>
		<difficult>0</difficult>
		<bndbox>
			<xmin>773.63</xmin>
			<ymin>812.66</ymin>
			<xmax>926.25</xmax>
			<ymax>1245.51</ymax>
		</bndbox>
	</object>
	<object>
		<name>161</name>
		<pose>Left</pose>
		<truncated>1</truncated>
		<difficult>0</difficult>
		<bndbox>
			<xmin>863.71</xmin>
			<ymin>599.99</ymin>
			<xmax>1051.36</xmax>
			<ymax>1020.33</ymax>
		</bndbox>
	</object>
	<object>
		<name>178</name>
		<pose>Left</pose>
		<truncated>1</truncated>
		<difficult>0</difficult>
		<bndbox>
			<xmin>851.2</xmin>
			<ymin>1300.56</ymin>
			<xmax>1264.04</xmax>
			<ymax>1595.8</ymax>
		</bndbox>
	</object>
	<object>
		<name>43</name>
		<pose>Left</pose>
		<truncated>1</truncated>
		<difficult>0</difficult>
		<bndbox>
			<xmin>891.23</xmin>
			<ymin>975.29</ymin>
			<xmax>1299.06</xmax>
			<ymax>1328.08</ymax>
		</bndbox>
	</object>
	<object>
		<name>2</name>
		<pose>Left</pose>
		<truncated>1</truncated>
		<difficult>0</difficult>
		<bndbox>
			<xmin>1043.85</xmin>
			<ymin>557.45</ymin>
			<xmax>1526.74</xmax>
			<ymax>1037.84</ymax>
		</bndbox>
	</object>
	<object>
		<name>4</name>
		<pose>Left</pose>
		<truncated>1</truncated>
		<difficult>0</difficult>
		<bndbox>
			<xmin>1256.53</xmin>
			<ymin>1020.34</ymin>
			<xmax>1679.37</xmax>
			<ymax>1553.27</ymax>
		</bndbox>
	</object>
	<object>
		<name>171</name>
		<pose>Left</pose>
		<truncated>1</truncated>
		<difficult>0</difficult>
		<bndbox>
			<xmin>1489.22</xmin>
			<ymin>622.51</ymin>
			<xmax>1629.33</xmax>
			<ymax>1075.38</ymax>
		</bndbox>
	</object>
	<object>
		<name>189</name>
		<pose>Left</pose>
		<truncated>1</truncated>
		<difficult>0</difficult>
		<bndbox>
			<xmin>1481.71</xmin>
			<ymin>404.83</ymin>
			<xmax>1696.89</xmax>
			<ymax>622.51</ymax>
		</bndbox>
	</object>
	<object>
		<name>189</name>
		<pose>Left</pose>
		<truncated>1</truncated>
		<difficult>0</difficult>
		<bndbox>
			<xmin>1546.76</xmin>
			<ymin>207.17</ymin>
			<xmax>1739.42</xmax>
			<ymax>417.34</ymax>
		</bndbox>
	</object>
</annotation>
