<?xml version="1.0" encoding="utf-8"?>
<annotation>
	<folder>VOC2007</folder>
	<filename>000023.jpg</filename>
	<source>
		<database>The VOC2007 Database</database>
		<annotation>PASCAL VOC2007</annotation>
		<image>flickr</image>
		<flickrid>341012865</flickrid>
	</source>
	<owner>
		<flickrid>Fried Camels</flickrid>
		<name>Jinky the Fruit Bat</name>
	</owner>
	<size>
		<width>1780</width>
		<height>1780</height>
		<depth>3</depth>
	</size>
	<segmented>0</segmented>
	<object>
		<name>85</name>
		<pose>Left</pose>
		<truncated>1</truncated>
		<difficult>0</difficult>
		<bndbox>
			<xmin>937.05</xmin>
			<ymin>1233.99</ymin>
			<xmax>1320.36</xmax>
			<ymax>1624.89</ymax>
		</bndbox>
	</object>
	<object>
		<name>17</name>
		<pose>Left</pose>
		<truncated>1</truncated>
		<difficult>0</difficult>
		<bndbox>
			<xmin>1083.97</xmin>
			<ymin>821.54</ymin>
			<xmax>1624.37</xmax>
			<ymax>1386.34</ymax>
		</bndbox>
	</object>
	<object>
		<name>90</name>
		<pose>Left</pose>
		<truncated>1</truncated>
		<difficult>0</difficult>
		<bndbox>
			<xmin>1118.03</xmin>
			<ymin>668.58</ymin>
			<xmax>1338.68</xmax>
			<ymax>1001.59</ymax>
		</bndbox>
	</object>
	<object>
		<name>85</name>
		<pose>Left</pose>
		<truncated>1</truncated>
		<difficult>0</difficult>
		<bndbox>
			<xmin>811.7</xmin>
			<ymin>985.85</ymin>
			<xmax>1198.87</xmax>
			<ymax>1364.95</ymax>
		</bndbox>
	</object>
	<object>
		<name>145</name>
		<pose>Left</pose>
		<truncated>1</truncated>
		<difficult>0</difficult>
		<bndbox>
			<xmin>935.4</xmin>
			<ymin>880.59</ymin>
			<xmax>1145.35</xmax>
			<ymax>1092.24</ymax>
		</bndbox>
	</object>
	<object>
		<name>145</name>
		<pose>Left</pose>
		<truncated>1</truncated>
		<difficult>0</difficult>
		<bndbox>
			<xmin>852.44</xmin>
			<ymin>883.13</ymin>
			<xmax>1023.45</xmax>
			<ymax>1118.48</ymax>
		</bndbox>
	</object>
	<object>
		<name>90</name>
		<pose>Left</pose>
		<truncated>1</truncated>
		<difficult>0</difficult>
		<bndbox>
			<xmin>820.27</xmin>
			<ymin>716.35</ymin>
			<xmax>1119.11</xmax>
			<ymax>890.75</ymax>
		</bndbox>
	</object>
	<object>
		<name>90</name>
		<pose>Left</pose>
		<truncated>1</truncated>
		<difficult>0</difficult>
		<bndbox>
			<xmin>934.56</xmin>
			<ymin>551.27</ymin>
			<xmax>1255.41</xmax>
			<ymax>725.67</ymax>
		</bndbox>
	</object>
	<object>
		<name>62</name>
		<pose>Left</pose>
		<truncated>1</truncated>
		<difficult>0</difficult>
		<bndbox>
			<xmin>1125.67</xmin>
			<ymin>225.25</ymin>
			<xmax>1481.42</xmax>
			<ymax>664.28</ymax>
		</bndbox>
	</object>
	<object>
		<name>62</name>
		<pose>Left</pose>
		<truncated>1</truncated>
		<difficult>0</difficult>
		<bndbox>
			<xmin>825.45</xmin>
			<ymin>141.7</ymin>
			<xmax>1077.08</xmax>
			<ymax>560.43</ymax>
		</bndbox>
	</object>
	<object>
		<name>109</name>
		<pose>Left</pose>
		<truncated>1</truncated>
		<difficult>0</difficult>
		<bndbox>
			<xmin>602.04</xmin>
			<ymin>375.95</ymin>
			<xmax>875.24</xmax>
			<ymax>675.59</ymax>
		</bndbox>
	</object>
	<object>
		<name>109</name>
		<pose>Left</pose>
		<truncated>1</truncated>
		<difficult>0</difficult>
		<bndbox>
			<xmin>554.45</xmin>
			<ymin>623.6</ymin>
			<xmax>854.97</xmax>
			<ymax>865.07</ymax>
		</bndbox>
	</object>
	<object>
		<name>114</name>
		<pose>Left</pose>
		<truncated>1</truncated>
		<difficult>0</difficult>
		<bndbox>
			<xmin>629.36</xmin>
			<ymin>868.59</ymin>
			<xmax>898.15</xmax>
			<ymax>1035.15</ymax>
		</bndbox>
	</object>
	<object>
		<name>114</name>
		<pose>Left</pose>
		<truncated>1</truncated>
		<difficult>0</difficult>
		<bndbox>
			<xmin>591.47</xmin>
			<ymin>1028.11</ymin>
			<xmax>862.02</xmax>
			<ymax>1201.72</ymax>
		</bndbox>
	</object>
</annotation>
