<?xml version="1.0" encoding="utf-8"?>
<annotation>
	<folder>VOC2007</folder>
	<filename>000025.jpg</filename>
	<source>
		<database>The VOC2007 Database</database>
		<annotation>PASCAL VOC2007</annotation>
		<image>flickr</image>
		<flickrid>341012865</flickrid>
	</source>
	<owner>
		<flickrid>Fried Camels</flickrid>
		<name>Jinky the Fruit Bat</name>
	</owner>
	<size>
		<width>1820</width>
		<height>1820</height>
		<depth>3</depth>
	</size>
	<segmented>0</segmented>
	<object>
		<name>36</name>
		<pose>Left</pose>
		<truncated>1</truncated>
		<difficult>0</difficult>
		<bndbox>
			<xmin>346.2</xmin>
			<ymin>184.74</ymin>
			<xmax>758.6</xmax>
			<ymax>493.42</ymax>
		</bndbox>
	</object>
	<object>
		<name>36</name>
		<pose>Left</pose>
		<truncated>1</truncated>
		<difficult>0</difficult>
		<bndbox>
			<xmin>459.79</xmin>
			<ymin>471.2</ymin>
			<xmax>830.21</xmax>
			<ymax>816.93</ymax>
		</bndbox>
	</object>
	<object>
		<name>36</name>
		<pose>Left</pose>
		<truncated>1</truncated>
		<difficult>0</difficult>
		<bndbox>
			<xmin>462.26</xmin>
			<ymin>1061.4</ymin>
			<xmax>869.72</xmax>
			<ymax>1362.68</ymax>
		</bndbox>
	</object>
	<object>
		<name>9</name>
		<pose>Left</pose>
		<truncated>1</truncated>
		<difficult>0</difficult>
		<bndbox>
			<xmin>402.99</xmin>
			<ymin>649.0</ymin>
			<xmax>938.87</xmax>
			<ymax>1194.75</ymax>
		</bndbox>
	</object>
	<object>
		<name>9</name>
		<pose>Left</pose>
		<truncated>1</truncated>
		<difficult>0</difficult>
		<bndbox>
			<xmin>793.17</xmin>
			<ymin>416.87</ymin>
			<xmax>1284.59</xmax>
			<ymax>1026.83</ymax>
		</bndbox>
	</object>
	<object>
		<name>72</name>
		<pose>Left</pose>
		<truncated>1</truncated>
		<difficult>0</difficult>
		<bndbox>
			<xmin>810.07</xmin>
			<ymin>152.28</ymin>
			<xmax>1287.01</xmax>
			<ymax>581.64</ymax>
		</bndbox>
	</object>
	<object>
		<name>72</name>
		<pose>Left</pose>
		<truncated>1</truncated>
		<difficult>0</difficult>
		<bndbox>
			<xmin>831.14</xmin>
			<ymin>1001.32</ymin>
			<xmax>1377.06</xmax>
			<ymax>1174.12</ymax>
		</bndbox>
	</object>
	<object>
		<name>72</name>
		<pose>Left</pose>
		<truncated>1</truncated>
		<difficult>0</difficult>
		<bndbox>
			<xmin>1161.45</xmin>
			<ymin>498.22</ymin>
			<xmax>1470.35</xmax>
			<ymax>1044.14</ymax>
		</bndbox>
	</object>
</annotation>
