<?xml version="1.0" encoding="utf-8"?>
<annotation>
	<folder>VOC2007</folder>
	<filename>000050.jpg</filename>
	<source>
		<database>The VOC2007 Database</database>
		<annotation>PASCAL VOC2007</annotation>
		<image>flickr</image>
		<flickrid>341012865</flickrid>
	</source>
	<owner>
		<flickrid>Fried Camels</flickrid>
		<name>Jinky the Fruit Bat</name>
	</owner>
	<size>
		<width>1802</width>
		<height>1802</height>
		<depth>3</depth>
	</size>
	<segmented>0</segmented>
	<object>
		<name>191</name>
		<pose>Left</pose>
		<truncated>1</truncated>
		<difficult>0</difficult>
		<bndbox>
			<xmin>645.4</xmin>
			<ymin>430.67</ymin>
			<xmax>846.66</xmax>
			<ymax>659.15</ymax>
		</bndbox>
	</object>
	<object>
		<name>81</name>
		<pose>Left</pose>
		<truncated>1</truncated>
		<difficult>0</difficult>
		<bndbox>
			<xmin>656.93</xmin>
			<ymin>781.11</ymin>
			<xmax>869.44</xmax>
			<ymax>1079.87</ymax>
		</bndbox>
	</object>
	<object>
		<name>81</name>
		<pose>Left</pose>
		<truncated>1</truncated>
		<difficult>0</difficult>
		<bndbox>
			<xmin>768.18</xmin>
			<ymin>479.84</ymin>
			<xmax>1049.44</xmax>
			<ymax>782.35</ymax>
		</bndbox>
	</object>
	<object>
		<name>81</name>
		<pose>Left</pose>
		<truncated>1</truncated>
		<difficult>0</difficult>
		<bndbox>
			<xmin>954.44</xmin>
			<ymin>536.09</ymin>
			<xmax>1215.7</xmax>
			<ymax>847.36</ymax>
		</bndbox>
	</object>
	<object>
		<name>189</name>
		<pose>Left</pose>
		<truncated>1</truncated>
		<difficult>0</difficult>
		<bndbox>
			<xmin>739.43</xmin>
			<ymin>1033.62</ymin>
			<xmax>938.19</xmax>
			<ymax>1246.13</ymax>
		</bndbox>
	</object>
</annotation>
